{
  "type": "FeatureCollection",
  "name": "OpenStreetMap building footprints",
  "metadata": {
    "source": "OpenStreetMap contributors via Overpass API",
    "bbox_wgs84": [
      16.26869201660155,
      48.17615986702753,
      16.276931762695295,
      48.18165418628939
    ]
  },
  "features": [
    {
      "type": "Feature",
      "id": "way/105212732",
      "properties": {
        "addr:city": "Wien",
        "addr:country": "AT",
        "addr:housenumber": "6",
        "addr:postcode": "1130",
        "addr:street": "Rotenberggasse",
        "building": "yes",
        "osm_id": "way/105212732"
      },
      "geometry": {
        "type": "Polygon",
        "coordinates": [
          [
            [
              16.2732103,
              48.1782359
            ],
            [
              16.273412,
              48.1782236
            ],
            [
              16.2733917,
              48.1780756
            ],
            [
              16.2733892,
              48.178058
            ],
            [
              16.2731875,
              48.1780704
            ],
            [
              16.2732103,
              48.1782359
            ]
          ]
        ]
      }
    },
    {
      "type": "Feature",
      "id": "way/178696628",
      "properties": {
        "building": "hospital",
        "name": "Pavillon 25",
        "note": "seit ca. 2023 wurden einige Gebäude umnummeriert, die alten römischen Ziffern stimmen tatsächlich nicht alle mit den neuen arabischen überein, sh. https://www.openstreetmap.org/changeset/125578994",
        "old_name": "Pavillon XIX",
        "osm_id": "way/178696628"
      },
      "geometry": {
        "type": "Polygon",
        "coordinates": [
          [
            [
              16.2724927,
              48.1764619
            ],
            [
              16.2724928,
              48.176466
            ],
            [
              16.2722506,
              48.176469
            ],
            [
              16.2722485,
              48.1763951
            ],
            [
              16.2722137,
              48.1763955
            ],
            [
              16.2722131,
              48.1763754
            ],
            [
              16.2722126,
              48.1763562
            ],
            [
              16.2722466,
              48.1763558
            ],
            [
              16.2722449,
              48.1762926
            ],
            [
              16.2723026,
              48.1762919
            ],
            [
              16.2723023,
              48.1762806
            ],
            [
              16.2724314,
              48.176279
            ],
            [
              16.2724316,
              48.1762888
            ],
            [
              16.2724903,
              48.176288
            ],
            [
              16.2724905,
              48.1762952
            ],
            [
              16.272672,
              48.1762929
            ],
            [
              16.2726733,
              48.1763376
            ],
            [
              16.2726853,
              48.1763375
            ],
            [
              16.272687,
              48.1763978
            ],
            [
              16.272677,
              48.1763979
            ],
            [
              16.2726783,
              48.1764455
            ],
            [
              16.2725751,
              48.1764467
            ],
            [
              16.2725755,
              48.1764608
            ],
            [
              16.2724927,
              48.1764619
            ]
          ]
        ]
      }
    },
    {
      "type": "Feature",
      "id": "way/202656179",
      "properties": {
        "addr:city": "Wien",
        "addr:country": "AT",
        "addr:housenumber": "21",
        "addr:postcode": "1130",
        "addr:street": "Wlassakstraße",
        "at_bev:addr_date": "2017-10-01",
        "building": "yes",
        "source": "wien.at",
        "osm_id": "way/202656179"
      },
      "geometry": {
        "type": "Polygon",
        "coordinates": [
          [
            [
              16.269753,
              48.177317
            ],
            [
              16.2698861,
              48.1773362
            ],
            [
              16.2699334,
              48.1771902
            ],
            [
              16.2698003,
              48.177171
            ],
            [
              16.269753,
              48.177317
            ]
          ]
        ]
      }
    },
    {
      "type": "Feature",
      "id": "way/202656184",
      "properties": {
        "addr:city": "Wien",
        "addr:country": "AT",
        "addr:housenumber": "8",
        "addr:postcode": "1130",
        "addr:street": "Wlassakstraße",
        "building": "detached",
        "source": "wien.at",
        "osm_id": "way/202656184"
      },
      "geometry": {
        "type": "Polygon",
        "coordinates": [
          [
            [
              16.2695989,
              48.1777631
            ],
            [
              16.2695671,
              48.1778734
            ],
            [
              16.2697981,
              48.177903
            ],
            [
              16.2698299,
              48.1777927
            ],
            [
              16.2695989,
              48.1777631
            ]
          ]
        ]
      }
    },
    {
      "type": "Feature",
      "id": "way/202656199",
      "properties": {
        "addr:city": "Wien",
        "addr:country": "AT",
        "addr:housenumber": "18",
        "addr:postcode": "1130",
        "addr:street": "Cuviergasse",
        "building": "yes",
        "source": "wien.at",
        "osm_id": "way/202656199"
      },
      "geometry": {
        "type": "Polygon",
        "coordinates": [
          [
            [
              16.268786,
              48.177871
            ],
            [
              16.2688323,
              48.1779085
            ],
            [
              16.2688178,
              48.1779165
            ],
            [
              16.2688471,
              48.1779402
            ],
            [
              16.2688617,
              48.1779323
            ],
            [
              16.2688962,
              48.1779601
            ],
            [
              16.2689725,
              48.1779182
            ],
            [
              16.2689412,
              48.1778928
            ],
            [
              16.2689552,
              48.1778852
            ],
            [
              16.2688882,
              48.177831
            ],
            [
              16.2688742,
              48.1778386
            ],
            [
              16.2688588,
              48.1778261
            ],
            [
              16.2687905,
              48.1778637
            ],
            [
              16.2687152,
              48.1778028
            ],
            [
              16.2686818,
              48.1778212
            ],
            [
              16.2687606,
              48.1778849
            ],
            [
              16.268786,
              48.177871
            ]
          ]
        ]
      }
    },
    {
      "type": "Feature",
      "id": "way/202656204",
      "properties": {
        "addr:city": "Wien",
        "addr:country": "AT",
        "addr:housenumber": "11",
        "addr:postcode": "1130",
        "addr:street": "Cuviergasse",
        "at_bev:addr_date": "2017-10-01",
        "building": "yes",
        "source": "wien.at",
        "osm_id": "way/202656204"
      },
      "geometry": {
        "type": "Polygon",
        "coordinates": [
          [
            [
              16.2690705,
              48.1767889
            ],
            [
              16.2689807,
              48.1768962
            ],
            [
              16.2691662,
              48.1769652
            ],
            [
              16.269256,
              48.1768579
            ],
            [
              16.2690705,
              48.1767889
            ]
          ]
        ]
      }
    },
    {
      "type": "Feature",
      "id": "way/202656212",
      "properties": {
        "addr:city": "Wien",
        "addr:country": "AT",
        "addr:housenumber": "75",
        "addr:postcode": "1130",
        "addr:street": "Gobergasse",
        "building": "detached",
        "source": "wien.at",
        "osm_id": "way/202656212"
      },
      "geometry": {
        "type": "Polygon",
        "coordinates": [
          [
            [
              16.2686679,
              48.1788237
            ],
            [
              16.2686245,
              48.178965
            ],
            [
              16.2687407,
              48.1789808
            ],
            [
              16.2687841,
              48.1788396
            ],
            [
              16.2686679,
              48.1788237
            ]
          ]
        ]
      }
    },
    {
      "type": "Feature",
      "id": "way/202656214",
      "properties": {
        "addr:city": "Wien",
        "addr:country": "AT",
        "addr:housenumber": "66",
        "addr:postcode": "1130",
        "addr:street": "Gobergasse",
        "addr:unit": "3",
        "building": "apartments",
        "source": "wien.at",
        "osm_id": "way/202656214"
      },
      "geometry": {
        "type": "Polygon",
        "coordinates": [
          [
            [
              16.2702148,
              48.1793373
            ],
            [
              16.2705093,
              48.1793216
            ],
            [
              16.2704976,
              48.1792243
            ],
            [
              16.2702031,
              48.1792401
            ],
            [
              16.2702148,
              48.1793373
            ]
          ]
        ]
      }
    },
    {
      "type": "Feature",
      "id": "way/202656215",
      "properties": {
        "addr:city": "Wien",
        "addr:country": "AT",
        "addr:housenumber": "24",
        "addr:postcode": "1130",
        "addr:street": "Cuviergasse",
        "building": "yes",
        "source": "wien.at",
        "osm_id": "way/202656215"
      },
      "geometry": {
        "type": "Polygon",
        "coordinates": [
          [
            [
              16.2688206,
              48.1781826
            ],
            [
              16.2687875,
              48.1781998
            ],
            [
              16.268765,
              48.1781805
            ],
            [
              16.2687117,
              48.1782082
            ],
            [
              16.2687599,
              48.1782495
            ],
            [
              16.2687105,
              48.1782752
            ],
            [
              16.2688347,
              48.1783816
            ],
            [
              16.2689534,
              48.17832
            ],
            [
              16.2688708,
              48.1782493
            ],
            [
              16.2688881,
              48.1782404
            ],
            [
              16.2688206,
              48.1781826
            ]
          ]
        ]
      }
    },
    {
      "type": "Feature",
      "id": "way/202656219",
      "properties": {
        "addr:city": "Wien",
        "addr:country": "AT",
        "addr:housenumber": "70",
        "addr:postcode": "1130",
        "addr:street": "Gobergasse",
        "addr:unit": "5",
        "building": "apartments",
        "source": "wien.at",
        "osm_id": "way/202656219"
      },
      "geometry": {
        "type": "Polygon",
        "coordinates": [
          [
            [
              16.2694393,
              48.1791684
            ],
            [
              16.2692974,
              48.1791868
            ],
            [
              16.269354,
              48.1793809
            ],
            [
              16.2693606,
              48.1793801
            ],
            [
              16.2694959,
              48.1793625
            ],
            [
              16.2694393,
              48.1791684
            ]
          ]
        ]
      }
    },
    {
      "type": "Feature",
      "id": "way/202656221",
      "properties": {
        "addr:city": "Wien",
        "addr:country": "AT",
        "addr:housenumber": "72",
        "addr:postcode": "1130",
        "addr:street": "Gobergasse",
        "addr:unit": "6",
        "building": "apartments",
        "source": "wien.at",
        "osm_id": "way/202656221"
      },
      "geometry": {
        "type": "Polygon",
        "coordinates": [
          [
            [
              16.2693606,
              48.1793801
            ],
            [
              16.269419,
              48.1795803
            ],
            [
              16.2695646,
              48.1795615
            ],
            [
              16.2695062,
              48.1793612
            ],
            [
              16.2694959,
              48.1793625
            ],
            [
              16.2693606,
              48.1793801
            ]
          ]
        ]
      }
    },
    {
      "type": "Feature",
      "id": "way/202656224",
      "properties": {
        "building": "yes",
        "source": "wien.at",
        "wikidata": "Q61996029",
        "osm_id": "way/202656224"
      },
      "geometry": {
        "type": "Polygon",
        "coordinates": [
          [
            [
              16.2687327,
              48.1798172
            ],
            [
              16.2687464,
              48.1798794
            ],
            [
              16.2689212,
              48.1798622
            ],
            [
              16.2689075,
              48.1798001
            ],
            [
              16.2687327,
              48.1798172
            ]
          ]
        ]
      }
    },
    {
      "type": "Feature",
      "id": "way/202656226",
      "properties": {
        "addr:city": "Wien",
        "addr:country": "AT",
        "addr:housenumber": "10",
        "addr:postcode": "1130",
        "addr:street": "Cuviergasse",
        "at_bev:addr_date": "2017-10-01",
        "building": "yes",
        "source": "wien.at",
        "osm_id": "way/202656226"
      },
      "geometry": {
        "type": "Polygon",
        "coordinates": [
          [
            [
              16.2695139,
              48.1769212
            ],
            [
              16.269636,
              48.1769635
            ],
            [
              16.2696987,
              48.1768831
            ],
            [
              16.2695767,
              48.1768408
            ],
            [
              16.2695139,
              48.1769212
            ]
          ]
        ]
      }
    },
    {
      "type": "Feature",
      "id": "way/202656231",
      "properties": {
        "addr:city": "Wien",
        "addr:country": "AT",
        "addr:housenumber": "16",
        "addr:postcode": "1130",
        "addr:street": "Cuviergasse",
        "building": "detached",
        "source": "wien.at",
        "osm_id": "way/202656231"
      },
      "geometry": {
        "type": "Polygon",
        "coordinates": [
          [
            [
              16.2689882,
              48.1777561
            ],
            [
              16.2690856,
              48.1777367
            ],
            [
              16.2690964,
              48.1777609
            ],
            [
              16.2691353,
              48.1777532
            ],
            [
              16.269141,
              48.1777683
            ],
            [
              16.2691815,
              48.1776637
            ],
            [
              16.2690934,
              48.1776597
            ],
            [
              16.2690821,
              48.177662
            ],
            [
              16.2690782,
              48.1776533
            ],
            [
              16.2689522,
              48.1776784
            ],
            [
              16.268955,
              48.1776845
            ],
            [
              16.2689882,
              48.1777561
            ]
          ]
        ]
      }
    },
    {
      "type": "Feature",
      "id": "way/202656233",
      "properties": {
        "addr:city": "Wien",
        "addr:country": "AT",
        "addr:housenumber": "12",
        "addr:postcode": "1130",
        "addr:street": "Cuviergasse",
        "at_bev:addr_date": "2017-10-01",
        "building": "yes",
        "source": "wien.at",
        "osm_id": "way/202656233"
      },
      "geometry": {
        "type": "Polygon",
        "coordinates": [
          [
            [
              16.2694191,
              48.1770268
            ],
            [
              16.2695078,
              48.1770617
            ],
            [
              16.2695635,
              48.176999
            ],
            [
              16.2694747,
              48.176964
            ],
            [
              16.2694191,
              48.1770268
            ]
          ]
        ]
      }
    },
    {
      "type": "Feature",
      "id": "way/202656234",
      "properties": {
        "addr:city": "Wien",
        "addr:country": "AT",
        "addr:housenumber": "11",
        "addr:postcode": "1130",
        "addr:street": "Cuviergasse",
        "at_bev:addr_date": "2017-10-01",
        "building": "yes",
        "source": "wien.at",
        "osm_id": "way/202656234"
      },
      "geometry": {
        "type": "Polygon",
        "coordinates": [
          [
            [
              16.2689807,
              48.1768962
            ],
            [
              16.2688909,
              48.1770034
            ],
            [
              16.2690764,
              48.1770725
            ],
            [
              16.2691662,
              48.1769652
            ],
            [
              16.2689807,
              48.1768962
            ]
          ]
        ]
      }
    },
    {
      "type": "Feature",
      "id": "way/202656251",
      "properties": {
        "building": "yes",
        "source": "wien.at",
        "osm_id": "way/202656251"
      },
      "geometry": {
        "type": "Polygon",
        "coordinates": [
          [
            [
              16.2687739,
              48.1779386
            ],
            [
              16.2687041,
              48.1779769
            ],
            [
              16.2687475,
              48.1780121
            ],
            [
              16.2688173,
              48.1779739
            ],
            [
              16.2687739,
              48.1779386
            ]
          ]
        ]
      }
    },
    {
      "type": "Feature",
      "id": "way/202656265",
      "properties": {
        "addr:city": "Wien",
        "addr:country": "AT",
        "addr:housenumber": "11",
        "addr:postcode": "1130",
        "addr:street": "Wlassakstraße",
        "at_bev:addr_date": "2017-10-01",
        "building": "yes",
        "source": "wien.at",
        "osm_id": "way/202656265"
      },
      "geometry": {
        "type": "Polygon",
        "coordinates": [
          [
            [
              16.2702654,
              48.176869
            ],
            [
              16.2704157,
              48.1768932
            ],
            [
              16.2704532,
              48.1767896
            ],
            [
              16.2703029,
              48.1767654
            ],
            [
              16.2703001,
              48.1767731
            ],
            [
              16.2702564,
              48.1767667
            ],
            [
              16.2702313,
              48.1768424
            ],
            [
              16.2702728,
              48.1768486
            ],
            [
              16.2702654,
              48.176869
            ]
          ]
        ]
      }
    },
    {
      "type": "Feature",
      "id": "way/202656278",
      "properties": {
        "addr:city": "Wien",
        "addr:country": "AT",
        "addr:housenumber": "7-9",
        "addr:postcode": "1130",
        "addr:street": "Cuviergasse",
        "at_bev:addr_date": "2017-10-01",
        "building": "yes",
        "source": "wien.at",
        "osm_id": "way/202656278"
      },
      "geometry": {
        "type": "Polygon",
        "coordinates": [
          [
            [
              16.2691336,
              48.1767557
            ],
            [
              16.2692666,
              48.1768009
            ],
            [
              16.2693422,
              48.176702
            ],
            [
              16.2692093,
              48.1766568
            ],
            [
              16.2691336,
              48.1767557
            ]
          ]
        ]
      }
    },
    {
      "type": "Feature",
      "id": "way/202656281",
      "properties": {
        "addr:city": "Wien",
        "addr:country": "AT",
        "addr:housenumber": "63",
        "addr:postcode": "1130",
        "addr:street": "Gobergasse",
        "addr:unit": "3",
        "at_bev:addr_date": "2017-10-01",
        "building": "apartments",
        "source": "wien.at",
        "osm_id": "way/202656281"
      },
      "geometry": {
        "type": "Polygon",
        "coordinates": [
          [
            [
              16.2701018,
              48.1788433
            ],
            [
              16.2700679,
              48.1790079
            ],
            [
              16.2703148,
              48.1790305
            ],
            [
              16.2703487,
              48.1788659
            ],
            [
              16.2701018,
              48.1788433
            ]
          ]
        ]
      }
    },
    {
      "type": "Feature",
      "id": "way/202656282",
      "properties": {
        "addr:city": "Wien",
        "addr:country": "AT",
        "addr:housenumber": "19",
        "addr:postcode": "1130",
        "addr:street": "Wlassakstraße",
        "at_bev:addr_date": "2017-10-01",
        "building": "yes",
        "source": "wien.at",
        "osm_id": "way/202656282"
      },
      "geometry": {
        "type": "Polygon",
        "coordinates": [
          [
            [
              16.2700223,
              48.1771848
            ],
            [
              16.2699668,
              48.1773496
            ],
            [
              16.2701083,
              48.1773708
            ],
            [
              16.2701638,
              48.177206
            ],
            [
              16.2700223,
              48.1771848
            ]
          ]
        ]
      }
    },
    {
      "type": "Feature",
      "id": "way/202656284",
      "properties": {
        "addr:city": "Wien",
        "addr:country": "AT",
        "addr:housenumber": "6",
        "addr:postcode": "1130",
        "addr:street": "Cuviergasse",
        "at_bev:addr_date": "2017-10-01",
        "building": "yes",
        "source": "wien.at",
        "osm_id": "way/202656284"
      },
      "geometry": {
        "type": "Polygon",
        "coordinates": [
          [
            [
              16.2697066,
              48.176675
            ],
            [
              16.2698357,
              48.1767194
            ],
            [
              16.269892,
              48.1766466
            ],
            [
              16.2697629,
              48.1766022
            ],
            [
              16.2697066,
              48.176675
            ]
          ]
        ]
      }
    },
    {
      "type": "Feature",
      "id": "way/202656285",
      "properties": {
        "building": "yes",
        "source": "wien.at",
        "osm_id": "way/202656285"
      },
      "geometry": {
        "type": "Polygon",
        "coordinates": [
          [
            [
              16.27005,
              48.1767595
            ],
            [
              16.2700375,
              48.1768005
            ],
            [
              16.2700982,
              48.1768087
            ],
            [
              16.2701107,
              48.1767677
            ],
            [
              16.27005,
              48.1767595
            ]
          ]
        ]
      }
    },
    {
      "type": "Feature",
      "id": "way/202656286",
      "properties": {
        "addr:city": "Wien",
        "addr:country": "AT",
        "addr:housenumber": "68",
        "addr:postcode": "1130",
        "addr:street": "Gobergasse",
        "addr:unit": "4",
        "building": "apartments",
        "building:levels": "2",
        "source": "wien.at",
        "osm_id": "way/202656286"
      },
      "geometry": {
        "type": "Polygon",
        "coordinates": [
          [
            [
              16.2697318,
              48.1792079
            ],
            [
              16.2699049,
              48.1791949
            ],
            [
              16.2699425,
              48.1794173
            ],
            [
              16.2697693,
              48.1794303
            ],
            [
              16.2697318,
              48.1792079
            ]
          ]
        ]
      }
    },
    {
      "type": "Feature",
      "id": "way/202656295",
      "properties": {
        "addr:city": "Wien",
        "addr:country": "AT",
        "addr:housenumber": "54",
        "addr:postcode": "1130",
        "addr:street": "Jagdschloßgasse",
        "addr:unit": "9",
        "building": "apartments",
        "building:levels": "3",
        "roof:levels": "0",
        "source": "wien.at",
        "osm_id": "way/202656295"
      },
      "geometry": {
        "type": "Polygon",
        "coordinates": [
          [
            [
              16.2700713,
              48.1784003
            ],
            [
              16.2700407,
              48.1785508
            ],
            [
              16.2702574,
              48.1785703
            ],
            [
              16.2702685,
              48.1785155
            ],
            [
              16.270288,
              48.1784199
            ],
            [
              16.2700713,
              48.1784003
            ]
          ]
        ]
      }
    },
    {
      "type": "Feature",
      "id": "way/202656297",
      "properties": {
        "addr:city": "Wien",
        "addr:country": "AT",
        "addr:housenumber": "20",
        "addr:postcode": "1130",
        "addr:street": "Cuviergasse",
        "building": "yes",
        "source": "wien.at",
        "osm_id": "way/202656297"
      },
      "geometry": {
        "type": "Polygon",
        "coordinates": [
          [
            [
              16.2686505,
              48.1778385
            ],
            [
              16.2685524,
              48.1778922
            ],
            [
              16.2686757,
              48.1779924
            ],
            [
              16.2687041,
              48.1779769
            ],
            [
              16.2687739,
              48.1779386
            ],
            [
              16.2686505,
              48.1778385
            ]
          ]
        ]
      }
    },
    {
      "type": "Feature",
      "id": "way/202656300",
      "properties": {
        "addr:city": "Wien",
        "addr:country": "AT",
        "addr:housenumber": "65",
        "addr:postcode": "1130",
        "addr:street": "Gobergasse",
        "addr:unit": "2",
        "at_bev:addr_date": "2017-10-01",
        "building": "apartments",
        "building:levels": "3",
        "roof:levels": "0",
        "source": "wien.at",
        "osm_id": "way/202656300"
      },
      "geometry": {
        "type": "Polygon",
        "coordinates": [
          [
            [
              16.2697087,
              48.1787223
            ],
            [
              16.269692,
              48.1788511
            ],
            [
              16.2696874,
              48.1788859
            ],
            [
              16.2699258,
              48.1788997
            ],
            [
              16.2699471,
              48.1787361
            ],
            [
              16.2697087,
              48.1787223
            ]
          ]
        ]
      }
    },
    {
      "type": "Feature",
      "id": "way/202656302",
      "properties": {
        "addr:city": "Wien",
        "addr:country": "AT",
        "addr:housenumber": "52",
        "addr:postcode": "1130",
        "addr:street": "Jagdschloßgasse",
        "addr:unit": "8",
        "building": "apartments",
        "building:levels": "3",
        "roof:levels": "0",
        "source": "wien.at",
        "osm_id": "way/202656302"
      },
      "geometry": {
        "type": "Polygon",
        "coordinates": [
          [
            [
              16.2702685,
              48.1785155
            ],
            [
              16.2702574,
              48.1785703
            ],
            [
              16.2702381,
              48.1786652
            ],
            [
              16.2704369,
              48.1786831
            ],
            [
              16.2704673,
              48.1785334
            ],
            [
              16.2702685,
              48.1785155
            ]
          ]
        ]
      }
    },
    {
      "type": "Feature",
      "id": "way/202656304",
      "properties": {
        "addr:city": "Wien",
        "addr:country": "AT",
        "addr:housenumber": "67",
        "addr:postcode": "1130",
        "addr:street": "Gobergasse",
        "addr:unit": "1",
        "at_bev:addr_date": "2017-10-01",
        "building": "apartments",
        "building:levels": "3",
        "roof:levels": "0",
        "source": "wien.at",
        "osm_id": "way/202656304"
      },
      "geometry": {
        "type": "Polygon",
        "coordinates": [
          [
            [
              16.2694621,
              48.1788378
            ],
            [
              16.2694425,
              48.1789885
            ],
            [
              16.2696724,
              48.1790018
            ],
            [
              16.2696874,
              48.1788859
            ],
            [
              16.269692,
              48.1788511
            ],
            [
              16.2694621,
              48.1788378
            ]
          ]
        ]
      }
    },
    {
      "type": "Feature",
      "id": "way/202656309",
      "properties": {
        "addr:city": "Wien",
        "addr:country": "AT",
        "addr:housenumber": "23",
        "addr:postcode": "1130",
        "addr:street": "Wlassakstraße",
        "at_bev:addr_date": "2017-10-01",
        "building": "yes",
        "source": "wien.at",
        "osm_id": "way/202656309"
      },
      "geometry": {
        "type": "Polygon",
        "coordinates": [
          [
            [
              16.2695884,
              48.1772974
            ],
            [
              16.2695879,
              48.1772992
            ],
            [
              16.2696834,
              48.1773106
            ],
            [
              16.2697035,
              48.177236
            ],
            [
              16.2696365,
              48.1772279
            ],
            [
              16.2696422,
              48.1772047
            ],
            [
              16.2695622,
              48.177196
            ],
            [
              16.2695388,
              48.177292
            ],
            [
              16.2695884,
              48.1772974
            ]
          ]
        ]
      }
    },
    {
      "type": "Feature",
      "id": "way/202656310",
      "properties": {
        "addr:city": "Wien",
        "addr:country": "AT",
        "addr:housenumber": "15",
        "addr:postcode": "1130",
        "addr:street": "Wlassakstraße",
        "at_bev:addr_date": "2017-10-01",
        "building": "yes",
        "source": "wien.at",
        "osm_id": "way/202656310"
      },
      "geometry": {
        "type": "Polygon",
        "coordinates": [
          [
            [
              16.2699978,
              48.1769078
            ],
            [
              16.2701226,
              48.1769246
            ],
            [
              16.2701336,
              48.1768883
            ],
            [
              16.2701555,
              48.1768165
            ],
            [
              16.2700982,
              48.1768087
            ],
            [
              16.2700375,
              48.1768005
            ],
            [
              16.2700307,
              48.1767996
            ],
            [
              16.2699978,
              48.1769078
            ]
          ]
        ]
      }
    },
    {
      "type": "Feature",
      "id": "way/202656319",
      "properties": {
        "addr:city": "Wien",
        "addr:country": "AT",
        "addr:housenumber": "10",
        "addr:postcode": "1130",
        "addr:street": "Wlassakstraße",
        "building": "apartments",
        "source": "wien.at",
        "osm_id": "way/202656319"
      },
      "geometry": {
        "type": "Polygon",
        "coordinates": [
          [
            [
              16.2692687,
              48.1777034
            ],
            [
              16.2692536,
              48.1777537
            ],
            [
              16.2692385,
              48.1778778
            ],
            [
              16.2692412,
              48.1779296
            ],
            [
              16.2694457,
              48.1779411
            ],
            [
              16.2694618,
              48.1778992
            ],
            [
              16.2694662,
              48.1778704
            ],
            [
              16.2695319,
              48.1778729
            ],
            [
              16.2695594,
              48.1777774
            ],
            [
              16.2694769,
              48.1777736
            ],
            [
              16.2694752,
              48.1777141
            ],
            [
              16.2692687,
              48.1777034
            ]
          ]
        ]
      }
    },
    {
      "type": "Feature",
      "id": "way/202656321",
      "properties": {
        "addr:city": "Wien",
        "addr:country": "AT",
        "addr:housenumber": "25",
        "addr:postcode": "1130",
        "addr:street": "Wlassakstraße",
        "at_bev:addr_date": "2017-10-01",
        "building": "yes",
        "source": "wien.at",
        "osm_id": "way/202656321"
      },
      "geometry": {
        "type": "Polygon",
        "coordinates": [
          [
            [
              16.2694501,
              48.1773107
            ],
            [
              16.2694899,
              48.1771579
            ],
            [
              16.2692817,
              48.1771338
            ],
            [
              16.2692468,
              48.177268
            ],
            [
              16.269352,
              48.1772801
            ],
            [
              16.2693472,
              48.1772987
            ],
            [
              16.2694501,
              48.1773107
            ]
          ]
        ]
      }
    },
    {
      "type": "Feature",
      "id": "way/202656332",
      "properties": {
        "addr:city": "Wien",
        "addr:country": "AT",
        "addr:housenumber": "70",
        "addr:postcode": "1130",
        "addr:street": "Jagdschloßgasse",
        "building": "semidetached_house",
        "building:levels": "2",
        "roof:levels": "0",
        "source": "wien.at",
        "wikidata": "Q61995236",
        "osm_id": "way/202656332"
      },
      "geometry": {
        "type": "Polygon",
        "coordinates": [
          [
            [
              16.2689697,
              48.1792612
            ],
            [
              16.2689442,
              48.1792887
            ],
            [
              16.2689345,
              48.1792847
            ],
            [
              16.2689051,
              48.1793166
            ],
            [
              16.2689891,
              48.1793511
            ],
            [
              16.2690055,
              48.1793334
            ],
            [
              16.2689984,
              48.1793305
            ],
            [
              16.2690369,
              48.1792889
            ],
            [
              16.2690267,
              48.1792846
            ],
            [
              16.2689697,
              48.1792612
            ]
          ]
        ]
      }
    },
    {
      "type": "Feature",
      "id": "way/202656333",
      "properties": {
        "addr:city": "Wien",
        "addr:country": "AT",
        "addr:housenumber": "27",
        "addr:postcode": "1130",
        "addr:street": "Wlassakstraße",
        "at_bev:addr_date": "2017-10-01",
        "building": "yes",
        "source": "wien.at",
        "osm_id": "way/202656333"
      },
      "geometry": {
        "type": "Polygon",
        "coordinates": [
          [
            [
              16.2687364,
              48.1772172
            ],
            [
              16.2689169,
              48.1772352
            ],
            [
              16.269034,
              48.1771116
            ],
            [
              16.269014,
              48.1771051
            ],
            [
              16.2689471,
              48.1771
            ],
            [
              16.2687667,
              48.177082
            ],
            [
              16.2687364,
              48.1772172
            ]
          ]
        ]
      }
    },
    {
      "type": "Feature",
      "id": "way/202656335",
      "properties": {
        "addr:city": "Wien",
        "addr:country": "AT",
        "addr:housenumber": "17",
        "addr:postcode": "1130",
        "addr:street": "Wlassakstraße",
        "at_bev:addr_date": "2017-10-01",
        "building": "yes",
        "source": "wien.at",
        "osm_id": "way/202656335"
      },
      "geometry": {
        "type": "Polygon",
        "coordinates": [
          [
            [
              16.2699136,
              48.1771273
            ],
            [
              16.2701187,
              48.1771555
            ],
            [
              16.2701435,
              48.177075
            ],
            [
              16.2701148,
              48.1770711
            ],
            [
              16.2701415,
              48.1769849
            ],
            [
              16.2700047,
              48.1769661
            ],
            [
              16.2699789,
              48.1770497
            ],
            [
              16.2699392,
              48.1770443
            ],
            [
              16.2699136,
              48.1771273
            ]
          ]
        ]
      }
    },
    {
      "type": "Feature",
      "id": "way/202805464",
      "properties": {
        "addr:city": "Wien",
        "addr:country": "AT",
        "addr:housenumber": "34",
        "addr:postcode": "1130",
        "addr:street": "Tolstojgasse",
        "building": "yes",
        "source": "wien.at",
        "osm_id": "way/202805464"
      },
      "geometry": {
        "type": "Polygon",
        "coordinates": [
          [
            [
              16.2767613,
              48.1809109
            ],
            [
              16.2767152,
              48.180981
            ],
            [
              16.2768443,
              48.1810188
            ],
            [
              16.2768536,
              48.1810046
            ],
            [
              16.2768957,
              48.1810169
            ],
            [
              16.2769291,
              48.180966
            ],
            [
              16.2768864,
              48.1809535
            ],
            [
              16.2769149,
              48.1809102
            ],
            [
              16.2767509,
              48.1808623
            ],
            [
              16.2767257,
              48.1809005
            ],
            [
              16.2767613,
              48.1809109
            ]
          ]
        ]
      }
    },
    {
      "type": "Feature",
      "id": "way/202805468",
      "properties": {
        "building": "house",
        "source": "wien.at",
        "osm_id": "way/202805468"
      },
      "geometry": {
        "type": "Polygon",
        "coordinates": [
          [
            [
              16.2763009,
              48.1814354
            ],
            [
              16.2764135,
              48.1813295
            ],
            [
              16.2763165,
              48.1812846
            ],
            [
              16.2762085,
              48.1813918
            ],
            [
              16.2763009,
              48.1814354
            ]
          ]
        ]
      }
    },
    {
      "type": "Feature",
      "id": "way/202805479",
      "properties": {
        "addr:city": "Wien",
        "addr:country": "AT",
        "addr:housenumber": "26",
        "addr:postcode": "1130",
        "addr:street": "Tolstojgasse",
        "building": "yes",
        "source": "wien.at",
        "osm_id": "way/202805479"
      },
      "geometry": {
        "type": "Polygon",
        "coordinates": [
          [
            [
              16.2769265,
              48.1810417
            ],
            [
              16.2770312,
              48.1810691
            ],
            [
              16.2770323,
              48.1810673
            ],
            [
              16.2770551,
              48.1810733
            ],
            [
              16.2770825,
              48.1810268
            ],
            [
              16.2770589,
              48.1810206
            ],
            [
              16.2770952,
              48.180959
            ],
            [
              16.2769912,
              48.1809318
            ],
            [
              16.2769265,
              48.1810417
            ]
          ]
        ]
      }
    },
    {
      "type": "Feature",
      "id": "way/202805480",
      "properties": {
        "building": "house",
        "source": "wien.at",
        "osm_id": "way/202805480"
      },
      "geometry": {
        "type": "Polygon",
        "coordinates": [
          [
            [
              16.2765014,
              48.1811789
            ],
            [
              16.2764289,
              48.181255
            ],
            [
              16.2766462,
              48.1813471
            ],
            [
              16.2767187,
              48.1812709
            ],
            [
              16.2765014,
              48.1811789
            ]
          ]
        ]
      }
    },
    {
      "type": "Feature",
      "id": "way/202805481",
      "properties": {
        "building": "house",
        "source": "wien.at",
        "osm_id": "way/202805481"
      },
      "geometry": {
        "type": "Polygon",
        "coordinates": [
          [
            [
              16.2763179,
              48.1817398
            ],
            [
              16.2766091,
              48.181479
            ],
            [
              16.2764331,
              48.1813917
            ],
            [
              16.2761793,
              48.181619
            ],
            [
              16.276142,
              48.1816524
            ],
            [
              16.2761562,
              48.1816595
            ],
            [
              16.2761414,
              48.1816728
            ],
            [
              16.2762913,
              48.1817472
            ],
            [
              16.2763061,
              48.1817339
            ],
            [
              16.2763179,
              48.1817398
            ]
          ]
        ]
      }
    },
    {
      "type": "Feature",
      "id": "way/202805484",
      "properties": {
        "building": "yes",
        "source": "wien.at",
        "osm_id": "way/202805484"
      },
      "geometry": {
        "type": "Polygon",
        "coordinates": [
          [
            [
              16.2765519,
              48.1811286
            ],
            [
              16.2767718,
              48.1812131
            ],
            [
              16.276839,
              48.1811371
            ],
            [
              16.2766183,
              48.1810487
            ],
            [
              16.2765519,
              48.1811286
            ]
          ]
        ]
      }
    },
    {
      "type": "Feature",
      "id": "way/202811547",
      "properties": {
        "addr:city": "Wien",
        "addr:country": "AT",
        "addr:housenumber": "2G",
        "addr:postcode": "1130",
        "addr:street": "Josef-Gangl-Gasse",
        "at_bev:addr_date": "2017-10-01",
        "building": "yes",
        "source": "wien.at",
        "osm_id": "way/202811547"
      },
      "geometry": {
        "type": "Polygon",
        "coordinates": [
          [
            [
              16.2705441,
              48.1813345
            ],
            [
              16.2704642,
              48.1814446
            ],
            [
              16.2705323,
              48.1814666
            ],
            [
              16.270534,
              48.1814859
            ],
            [
              16.2704868,
              48.1815203
            ],
            [
              16.2706382,
              48.1816129
            ],
            [
              16.2707344,
              48.181543
            ],
            [
              16.2706642,
              48.1815001
            ],
            [
              16.2706612,
              48.1814658
            ],
            [
              16.2707161,
              48.1813901
            ],
            [
              16.2705441,
              48.1813345
            ]
          ]
        ]
      }
    },
    {
      "type": "Feature",
      "id": "way/202811549",
      "properties": {
        "addr:city": "Wien",
        "addr:country": "AT",
        "addr:housenumber": "6",
        "addr:postcode": "1130",
        "addr:street": "In der Hagenau",
        "at_bev:addr_date": "2017-10-01",
        "building": "yes",
        "source": "wien.at",
        "osm_id": "way/202811549"
      },
      "geometry": {
        "type": "Polygon",
        "coordinates": [
          [
            [
              16.2715155,
              48.1798961
            ],
            [
              16.2715336,
              48.1799591
            ],
            [
              16.2716753,
              48.1799393
            ],
            [
              16.2717188,
              48.1799332
            ],
            [
              16.2717028,
              48.1798739
            ],
            [
              16.2717366,
              48.1798692
            ],
            [
              16.2717233,
              48.1798153
            ],
            [
              16.2714722,
              48.1798465
            ],
            [
              16.2714858,
              48.1798996
            ],
            [
              16.2715155,
              48.1798961
            ]
          ]
        ]
      }
    },
    {
      "type": "Feature",
      "id": "way/202811550",
      "properties": {
        "addr:city": "Wien",
        "addr:country": "AT",
        "addr:housenumber": "56",
        "addr:postcode": "1130",
        "addr:street": "Gobergasse",
        "at_bev:addr_date": "2017-10-01",
        "building": "apartments",
        "source": "wien.at",
        "osm_id": "way/202811550"
      },
      "geometry": {
        "type": "Polygon",
        "coordinates": [
          [
            [
              16.2719472,
              48.1792709
            ],
            [
              16.2719514,
              48.1792862
            ],
            [
              16.2720744,
              48.1792712
            ],
            [
              16.2720426,
              48.1791555
            ],
            [
              16.2719196,
              48.1791705
            ],
            [
              16.2719381,
              48.1792376
            ],
            [
              16.2719284,
              48.1792391
            ],
            [
              16.2719237,
              48.1792502
            ],
            [
              16.2719278,
              48.1792652
            ],
            [
              16.27194,
              48.179272
            ],
            [
              16.2719472,
              48.1792709
            ]
          ]
        ]
      }
    },
    {
      "type": "Feature",
      "id": "way/202811551",
      "properties": {
        "building": "yes",
        "source": "wien.at",
        "wikidata": "Q116007930",
        "osm_id": "way/202811551"
      },
      "geometry": {
        "type": "Polygon",
        "coordinates": [
          [
            [
              16.2711507,
              48.1810873
            ],
            [
              16.2712356,
              48.1811423
            ],
            [
              16.2713754,
              48.1810464
            ],
            [
              16.2712849,
              48.1809842
            ],
            [
              16.2712569,
              48.1810035
            ],
            [
              16.2711374,
              48.1809261
            ],
            [
              16.271083,
              48.1809634
            ],
            [
              16.2711684,
              48.1810187
            ],
            [
              16.2710828,
              48.1810774
            ],
            [
              16.2711251,
              48.1811048
            ],
            [
              16.2711507,
              48.1810873
            ]
          ]
        ]
      }
    },
    {
      "type": "Feature",
      "id": "way/202811552",
      "properties": {
        "addr:city": "Wien",
        "addr:country": "AT",
        "addr:housenumber": "69",
        "addr:postcode": "1130",
        "addr:street": "Veitingergasse",
        "at_bev:addr_date": "2017-10-01",
        "building": "yes",
        "source": "wien.at",
        "osm_id": "way/202811552"
      },
      "geometry": {
        "type": "Polygon",
        "coordinates": [
          [
            [
              16.2709049,
              48.1801247
            ],
            [
              16.2710658,
              48.180107
            ],
            [
              16.2710588,
              48.1800787
            ],
            [
              16.2710504,
              48.1800449
            ],
            [
              16.271047,
              48.1800313
            ],
            [
              16.2709786,
              48.1800389
            ],
            [
              16.2709517,
              48.1799059
            ],
            [
              16.2708743,
              48.1799128
            ],
            [
              16.2708822,
              48.179952
            ],
            [
              16.2707908,
              48.1799617
            ],
            [
              16.2708263,
              48.1801112
            ],
            [
              16.2708996,
              48.1801035
            ],
            [
              16.2709049,
              48.1801247
            ]
          ]
        ]
      }
    },
    {
      "type": "Feature",
      "id": "way/202811553",
      "properties": {
        "addr:city": "Wien",
        "addr:country": "AT",
        "addr:housenumber": "44",
        "addr:postcode": "1130",
        "addr:street": "Jagdschloßgasse",
        "amenity": "place_of_worship",
        "building": "church",
        "check_date": "2023-09-17",
        "denomination": "lutheran",
        "name": "Evang. Friedenskirche",
        "religion": "christian",
        "source": "wien.at",
        "wikidata": "Q1380187",
        "wikipedia": "de:Evangelische Friedenskirche (Wien)",
        "osm_id": "way/202811553"
      },
      "geometry": {
        "type": "Polygon",
        "coordinates": [
          [
            [
              16.2712868,
              48.1780726
            ],
            [
              16.2712889,
              48.1780817
            ],
            [
              16.2713892,
              48.1780715
            ],
            [
              16.2713655,
              48.1779679
            ],
            [
              16.27131,
              48.1779735
            ],
            [
              16.2712967,
              48.1779157
            ],
            [
              16.2712514,
              48.1779203
            ],
            [
              16.2712618,
              48.1779655
            ],
            [
              16.2710928,
              48.1779828
            ],
            [
              16.2710947,
              48.177991
            ],
            [
              16.2711139,
              48.1780795
            ],
            [
              16.2711163,
              48.17809
            ],
            [
              16.2712868,
              48.1780726
            ]
          ]
        ]
      }
    },
    {
      "type": "Feature",
      "id": "way/202811554",
      "properties": {
        "addr:city": "Wien",
        "addr:country": "AT",
        "addr:housenumber": "29",
        "addr:postcode": "1130",
        "addr:street": "Gobergasse",
        "addr:unit": "3",
        "building": "yes",
        "source": "wien.at",
        "osm_id": "way/202811554"
      },
      "geometry": {
        "type": "Polygon",
        "coordinates": [
          [
            [
              16.2750089,
              48.1781744
            ],
            [
              16.2749839,
              48.1780904
            ],
            [
              16.2749075,
              48.1781005
            ],
            [
              16.2749143,
              48.1781232
            ],
            [
              16.2748844,
              48.1781272
            ],
            [
              16.2748878,
              48.1781386
            ],
            [
              16.2748557,
              48.1781429
            ],
            [
              16.2748706,
              48.1781927
            ],
            [
              16.274903,
              48.1781884
            ],
            [
              16.2750089,
              48.1781744
            ]
          ]
        ]
      }
    },
    {
      "type": "Feature",
      "id": "way/202811555",
      "properties": {
        "addr:city": "Wien",
        "addr:country": "AT",
        "addr:housenumber": "55",
        "addr:postcode": "1130",
        "addr:street": "Gobergasse",
        "at_bev:addr_date": "2017-10-01",
        "building": "apartments",
        "source": "wien.at",
        "osm_id": "way/202811555"
      },
      "geometry": {
        "type": "Polygon",
        "coordinates": [
          [
            [
              16.2722892,
              48.1789081
            ],
            [
              16.2722916,
              48.1789169
            ],
            [
              16.2722376,
              48.1789233
            ],
            [
              16.2722417,
              48.1789388
            ],
            [
              16.2722028,
              48.1789434
            ],
            [
              16.2721987,
              48.1789279
            ],
            [
              16.272171,
              48.1789312
            ],
            [
              16.272175,
              48.1789463
            ],
            [
              16.2721335,
              48.1789512
            ],
            [
              16.2721294,
              48.178936
            ],
            [
              16.2720792,
              48.178942
            ],
            [
              16.2720546,
              48.1788497
            ],
            [
              16.2721136,
              48.1788427
            ],
            [
              16.2721098,
              48.1788282
            ],
            [
              16.2722079,
              48.1788166
            ],
            [
              16.2722117,
              48.1788309
            ],
            [
              16.2722669,
              48.1788244
            ],
            [
              16.2722892,
              48.1789081
            ]
          ]
        ]
      }
    },
    {
      "type": "Feature",
      "id": "way/202811556",
      "properties": {
        "addr:city": "Wien",
        "addr:country": "AT",
        "addr:housenumber": "40",
        "addr:postcode": "1130",
        "addr:street": "Jagdschloßgasse",
        "addr:unit": "4",
        "at_bev:addr_date": "2017-10-01",
        "building": "apartments",
        "source": "wien.at",
        "osm_id": "way/202811556"
      },
      "geometry": {
        "type": "Polygon",
        "coordinates": [
          [
            [
              16.2722892,
              48.1789081
            ],
            [
              16.2724819,
              48.1788857
            ],
            [
              16.2724721,
              48.1788471
            ],
            [
              16.2724633,
              48.1788438
            ],
            [
              16.2724601,
              48.1788304
            ],
            [
              16.2724665,
              48.1788259
            ],
            [
              16.272455,
              48.1787822
            ],
            [
              16.2724053,
              48.1787878
            ],
            [
              16.2724016,
              48.1787767
            ],
            [
              16.2723527,
              48.1787819
            ],
            [
              16.2723377,
              48.1787964
            ],
            [
              16.2723194,
              48.1787981
            ],
            [
              16.2723166,
              48.1787866
            ],
            [
              16.2722751,
              48.1787908
            ],
            [
              16.2722633,
              48.1788046
            ],
            [
              16.2722669,
              48.1788244
            ],
            [
              16.2722892,
              48.1789081
            ]
          ]
        ]
      }
    },
    {
      "type": "Feature",
      "id": "way/202811557",
      "properties": {
        "building": "detached",
        "source": "wien.at",
        "osm_id": "way/202811557"
      },
      "geometry": {
        "type": "Polygon",
        "coordinates": [
          [
            [
              16.2728853,
              48.1788521
            ],
            [
              16.2730412,
              48.1788425
            ],
            [
              16.2730345,
              48.178794
            ],
            [
              16.2730254,
              48.1787281
            ],
            [
              16.2728695,
              48.1787377
            ],
            [
              16.2728853,
              48.1788521
            ]
          ]
        ]
      }
    },
    {
      "type": "Feature",
      "id": "way/202811559",
      "properties": {
        "addr:city": "Wien",
        "addr:country": "AT",
        "addr:housenumber": "42",
        "addr:postcode": "1130",
        "addr:street": "Jagdschloßgasse",
        "at_bev:addr_date": "2017-10-01",
        "building": "apartments",
        "building:levels": "2",
        "roof:levels": "1",
        "source": "wien.at",
        "osm_id": "way/202811559"
      },
      "geometry": {
        "type": "Polygon",
        "coordinates": [
          [
            [
              16.2715774,
              48.1778453
            ],
            [
              16.2716042,
              48.1779671
            ],
            [
              16.271895,
              48.1779387
            ],
            [
              16.2718683,
              48.1778169
            ],
            [
              16.2715774,
              48.1778453
            ]
          ]
        ]
      }
    },
    {
      "type": "Feature",
      "id": "way/202811561",
      "properties": {
        "addr:city": "Wien",
        "addr:country": "AT",
        "addr:housenumber": "46",
        "addr:postcode": "1130",
        "addr:street": "Jagdschloßgasse",
        "addr:unit": "5",
        "at_bev:addr_date": "2017-10-01",
        "building": "apartments",
        "source": "wien.at",
        "osm_id": "way/202811561"
      },
      "geometry": {
        "type": "Polygon",
        "coordinates": [
          [
            [
              16.2709297,
              48.1784796
            ],
            [
              16.2707681,
              48.1784971
            ],
            [
              16.2708162,
              48.1786956
            ],
            [
              16.2709779,
              48.1786782
            ],
            [
              16.2709297,
              48.1784796
            ]
          ]
        ]
      }
    },
    {
      "type": "Feature",
      "id": "way/202811562",
      "properties": {
        "addr:city": "Wien",
        "addr:country": "AT",
        "addr:housenumber": "24A",
        "addr:postcode": "1130",
        "addr:street": "Jagdschloßgasse",
        "at_bev:addr_date": "2017-10-01",
        "building": "apartments",
        "source": "wien.at",
        "osm_id": "way/202811562"
      },
      "geometry": {
        "type": "Polygon",
        "coordinates": [
          [
            [
              16.2752001,
              48.1776192
            ],
            [
              16.2751867,
              48.1775396
            ],
            [
              16.2752898,
              48.1775319
            ],
            [
              16.2752876,
              48.1775187
            ],
            [
              16.2753944,
              48.1775107
            ],
            [
              16.2753966,
              48.1775241
            ],
            [
              16.2755013,
              48.1775163
            ],
            [
              16.2755147,
              48.1775959
            ],
            [
              16.2753847,
              48.1776056
            ],
            [
              16.2753863,
              48.1776151
            ],
            [
              16.2753295,
              48.1776194
            ],
            [
              16.2753278,
              48.1776097
            ],
            [
              16.2752001,
              48.1776192
            ]
          ]
        ]
      }
    },
    {
      "type": "Feature",
      "id": "way/202811563",
      "properties": {
        "addr:city": "Wien",
        "addr:housenumber": "50",
        "addr:postcode": "1130",
        "addr:street": "Veitingergasse",
        "building": "yes",
        "osm_id": "way/202811563"
      },
      "geometry": {
        "type": "Polygon",
        "coordinates": [
          [
            [
              16.2752809,
              48.1799899
            ],
            [
              16.2754545,
              48.1799688
            ],
            [
              16.2754274,
              48.1798698
            ],
            [
              16.2752538,
              48.1798909
            ],
            [
              16.2752809,
              48.1799899
            ]
          ]
        ]
      }
    },
    {
      "type": "Feature",
      "id": "way/202811564",
      "properties": {
        "building": "church",
        "source": "wien.at",
        "osm_id": "way/202811564"
      },
      "geometry": {
        "type": "Polygon",
        "coordinates": [
          [
            [
              16.2710854,
              48.1780824
            ],
            [
              16.2711139,
              48.1780795
            ],
            [
              16.2710947,
              48.177991
            ],
            [
              16.2710298,
              48.1779971
            ],
            [
              16.2710854,
              48.1780824
            ]
          ]
        ]
      }
    },
    {
      "type": "Feature",
      "id": "way/202811565",
      "properties": {
        "addr:city": "Wien",
        "addr:housenumber": "48",
        "addr:postcode": "1130",
        "addr:street": "Veitingergasse",
        "building": "yes",
        "osm_id": "way/202811565"
      },
      "geometry": {
        "type": "Polygon",
        "coordinates": [
          [
            [
              16.2755071,
              48.1799223
            ],
            [
              16.2756729,
              48.1799031
            ],
            [
              16.2756495,
              48.1798131
            ],
            [
              16.2754837,
              48.1798322
            ],
            [
              16.2755071,
              48.1799223
            ]
          ]
        ]
      }
    },
    {
      "type": "Feature",
      "id": "way/202811566",
      "properties": {
        "addr:city": "Wien",
        "addr:country": "AT",
        "addr:housenumber": "32C",
        "addr:postcode": "1130",
        "addr:street": "Jagdschloßgasse",
        "at_bev:addr_date": "2017-10-01",
        "building": "detached",
        "source": "wien.at",
        "osm_id": "way/202811566"
      },
      "geometry": {
        "type": "Polygon",
        "coordinates": [
          [
            [
              16.2738218,
              48.1776342
            ],
            [
              16.2738255,
              48.1776572
            ],
            [
              16.273813,
              48.1776581
            ],
            [
              16.2738207,
              48.1777055
            ],
            [
              16.2738338,
              48.1777045
            ],
            [
              16.2738446,
              48.1777716
            ],
            [
              16.2739799,
              48.177762
            ],
            [
              16.2739578,
              48.1776245
            ],
            [
              16.2738218,
              48.1776342
            ]
          ]
        ]
      }
    },
    {
      "type": "Feature",
      "id": "way/202811567",
      "properties": {
        "addr:city": "Wien",
        "addr:country": "AT",
        "addr:housenumber": "58",
        "addr:postcode": "1130",
        "addr:street": "Gobergasse",
        "at_bev:addr_date": "2017-10-01",
        "building": "detached",
        "source": "wien.at",
        "osm_id": "way/202811567"
      },
      "geometry": {
        "type": "Polygon",
        "coordinates": [
          [
            [
              16.2717302,
              48.1793734
            ],
            [
              16.2718683,
              48.1793557
            ],
            [
              16.2718421,
              48.179265
            ],
            [
              16.271704,
              48.1792827
            ],
            [
              16.2717302,
              48.1793734
            ]
          ]
        ]
      }
    },
    {
      "type": "Feature",
      "id": "way/202811569",
      "properties": {
        "addr:city": "Wien",
        "addr:country": "AT",
        "addr:housenumber": "37-39",
        "addr:postcode": "1130",
        "addr:street": "Gobergasse",
        "addr:unit": "4",
        "building": "house",
        "source": "wien.at",
        "osm_id": "way/202811569"
      },
      "geometry": {
        "type": "Polygon",
        "coordinates": [
          [
            [
              16.2741645,
              48.1781972
            ],
            [
              16.2741763,
              48.1781963
            ],
            [
              16.2741749,
              48.1781877
            ],
            [
              16.274238,
              48.1781831
            ],
            [
              16.2742392,
              48.178191
            ],
            [
              16.2742465,
              48.1781904
            ],
            [
              16.274263,
              48.178293
            ],
            [
              16.2741809,
              48.1782989
            ],
            [
              16.2741645,
              48.1781972
            ]
          ]
        ]
      }
    },
    {
      "type": "Feature",
      "id": "way/202811573",
      "properties": {
        "addr:city": "Wien",
        "addr:country": "AT",
        "addr:housenumber": "33",
        "addr:postcode": "1130",
        "addr:street": "Gobergasse",
        "at_bev:addr_date": "2017-10-01",
        "building": "yes",
        "source": "wien.at",
        "osm_id": "way/202811573"
      },
      "geometry": {
        "type": "Polygon",
        "coordinates": [
          [
            [
              16.2746871,
              48.1783379
            ],
            [
              16.2747795,
              48.1783268
            ],
            [
              16.2747708,
              48.1782947
            ],
            [
              16.2747919,
              48.1782921
            ],
            [
              16.2747796,
              48.1782465
            ],
            [
              16.2747567,
              48.1782493
            ],
            [
              16.2747394,
              48.1781853
            ],
            [
              16.2746487,
              48.1781962
            ],
            [
              16.2746871,
              48.1783379
            ]
          ]
        ]
      }
    },
    {
      "type": "Feature",
      "id": "way/202811574",
      "properties": {
        "addr:city": "Wien",
        "addr:country": "AT",
        "addr:housenumber": "13",
        "addr:postcode": "1130",
        "addr:street": "Rotenberggasse",
        "building": "detached",
        "source": "wien.at",
        "osm_id": "way/202811574"
      },
      "geometry": {
        "type": "Polygon",
        "coordinates": [
          [
            [
              16.2729517,
              48.1791225
            ],
            [
              16.2730949,
              48.1791157
            ],
            [
              16.2730859,
              48.1790315
            ],
            [
              16.2729427,
              48.1790382
            ],
            [
              16.2729517,
              48.1791225
            ]
          ]
        ]
      }
    },
    {
      "type": "Feature",
      "id": "way/202811579",
      "properties": {
        "addr:city": "Wien",
        "addr:country": "AT",
        "addr:housenumber": "6",
        "addr:postcode": "1130",
        "addr:street": "Steinhardtgasse",
        "at_bev:addr_date": "2017-10-01",
        "building": "apartments",
        "source": "wien.at",
        "osm_id": "way/202811579"
      },
      "geometry": {
        "type": "Polygon",
        "coordinates": [
          [
            [
              16.2717402,
              48.1784932
            ],
            [
              16.2717834,
              48.1786873
            ],
            [
              16.2719674,
              48.1786691
            ],
            [
              16.2719242,
              48.178475
            ],
            [
              16.2717402,
              48.1784932
            ]
          ]
        ]
      }
    },
    {
      "type": "Feature",
      "id": "way/202811580",
      "properties": {
        "building": "detached",
        "source": "wien.at",
        "osm_id": "way/202811580"
      },
      "geometry": {
        "type": "Polygon",
        "coordinates": [
          [
            [
              16.2728154,
              48.1782982
            ],
            [
              16.272953,
              48.1782925
            ],
            [
              16.2729324,
              48.1780732
            ],
            [
              16.2727948,
              48.178079
            ],
            [
              16.2728154,
              48.1782982
            ]
          ]
        ]
      }
    },
    {
      "type": "Feature",
      "id": "way/202811581",
      "properties": {
        "addr:city": "Wien",
        "addr:country": "AT",
        "addr:housenumber": "59",
        "addr:postcode": "1130",
        "addr:street": "Gobergasse",
        "at_bev:addr_date": "2017-10-01",
        "building": "apartments",
        "source": "wien.at",
        "osm_id": "way/202811581"
      },
      "geometry": {
        "type": "Polygon",
        "coordinates": [
          [
            [
              16.2712682,
              48.1788897
            ],
            [
              16.2712862,
              48.1790139
            ],
            [
              16.2715774,
              48.1789951
            ],
            [
              16.2715593,
              48.1788709
            ],
            [
              16.2712682,
              48.1788897
            ]
          ]
        ]
      }
    },
    {
      "type": "Feature",
      "id": "way/202811584",
      "properties": {
        "addr:city": "Wien",
        "addr:housenumber": "60",
        "addr:postcode": "1130",
        "addr:street": "Veitingergasse",
        "building": "yes",
        "source": "wien.at",
        "osm_id": "way/202811584"
      },
      "geometry": {
        "type": "Polygon",
        "coordinates": [
          [
            [
              16.2742878,
              48.1800284
            ],
            [
              16.274469,
              48.1800073
            ],
            [
              16.2744373,
              48.1798862
            ],
            [
              16.2742561,
              48.1799073
            ],
            [
              16.2742878,
              48.1800284
            ]
          ]
        ]
      }
    },
    {
      "type": "Feature",
      "id": "way/202811591",
      "properties": {
        "building": "yes",
        "source": "wien.at",
        "osm_id": "way/202811591"
      },
      "geometry": {
        "type": "Polygon",
        "coordinates": [
          [
            [
              16.2738004,
              48.1787255
            ],
            [
              16.2741185,
              48.1786956
            ],
            [
              16.27408,
              48.1785134
            ],
            [
              16.273762,
              48.1785433
            ],
            [
              16.2738004,
              48.1787255
            ]
          ]
        ]
      }
    },
    {
      "type": "Feature",
      "id": "way/202811592",
      "properties": {
        "addr:city": "Wien",
        "addr:country": "AT",
        "addr:housenumber": "5",
        "addr:postcode": "1130",
        "addr:street": "Steinhardtgasse",
        "at_bev:addr_date": "2017-10-01",
        "building": "apartments",
        "source": "wien.at",
        "osm_id": "way/202811592"
      },
      "geometry": {
        "type": "Polygon",
        "coordinates": [
          [
            [
              16.2714652,
              48.1785201
            ],
            [
              16.2712836,
              48.1785377
            ],
            [
              16.271326,
              48.1787323
            ],
            [
              16.2715076,
              48.1787147
            ],
            [
              16.2714652,
              48.1785201
            ]
          ]
        ]
      }
    },
    {
      "type": "Feature",
      "id": "way/202811597",
      "properties": {
        "addr:city": "Wien",
        "addr:country": "AT",
        "addr:housenumber": "2",
        "addr:postcode": "1130",
        "addr:street": "Josef-Gangl-Gasse",
        "at_bev:addr_date": "2017-10-01",
        "building": "yes",
        "source": "wien.at",
        "osm_id": "way/202811597"
      },
      "geometry": {
        "type": "Polygon",
        "coordinates": [
          [
            [
              16.2718873,
              48.1805623
            ],
            [
              16.271776,
              48.1803921
            ],
            [
              16.2719229,
              48.1803493
            ],
            [
              16.2720294,
              48.1805121
            ],
            [
              16.2719686,
              48.1805298
            ],
            [
              16.2719734,
              48.1805372
            ],
            [
              16.2718873,
              48.1805623
            ]
          ]
        ]
      }
    },
    {
      "type": "Feature",
      "id": "way/202811598",
      "properties": {
        "addr:city": "Wien",
        "addr:country": "AT",
        "addr:housenumber": "32D",
        "addr:postcode": "1130",
        "addr:street": "Jagdschloßgasse",
        "at_bev:addr_date": "2017-10-01",
        "building": "detached",
        "source": "wien.at",
        "osm_id": "way/202811598"
      },
      "geometry": {
        "type": "Polygon",
        "coordinates": [
          [
            [
              16.2735768,
              48.1776739
            ],
            [
              16.2736069,
              48.1776718
            ],
            [
              16.2736032,
              48.1776488
            ],
            [
              16.2737528,
              48.177638
            ],
            [
              16.2737765,
              48.1777836
            ],
            [
              16.2736259,
              48.1777945
            ],
            [
              16.2736173,
              48.1777416
            ],
            [
              16.2735881,
              48.1777437
            ],
            [
              16.2735768,
              48.1776739
            ]
          ]
        ]
      }
    },
    {
      "type": "Feature",
      "id": "way/202811599",
      "properties": {
        "building": "yes",
        "source": "wien.at",
        "osm_id": "way/202811599"
      },
      "geometry": {
        "type": "Polygon",
        "coordinates": [
          [
            [
              16.274433,
              48.1778893
            ],
            [
              16.274474,
              48.1778872
            ],
            [
              16.2744695,
              48.1778483
            ],
            [
              16.2744285,
              48.1778504
            ],
            [
              16.274433,
              48.1778893
            ]
          ]
        ]
      }
    },
    {
      "type": "Feature",
      "id": "way/202811603",
      "properties": {
        "addr:city": "Wien",
        "addr:country": "AT",
        "addr:housenumber": "64",
        "addr:postcode": "1130",
        "addr:street": "Gobergasse",
        "addr:unit": "2",
        "building": "apartments",
        "source": "wien.at",
        "osm_id": "way/202811603"
      },
      "geometry": {
        "type": "Polygon",
        "coordinates": [
          [
            [
              16.2708698,
              48.1792075
            ],
            [
              16.2707261,
              48.1792147
            ],
            [
              16.2707484,
              48.1794116
            ],
            [
              16.2708921,
              48.1794043
            ],
            [
              16.2708698,
              48.1792075
            ]
          ]
        ]
      }
    },
    {
      "type": "Feature",
      "id": "way/202811611",
      "properties": {
        "addr:city": "Wien",
        "addr:country": "AT",
        "addr:housenumber": "30",
        "addr:postcode": "1130",
        "addr:street": "Jagdschloßgasse",
        "at_bev:addr_date": "2017-10-01",
        "building": "detached",
        "source": "wien.at",
        "osm_id": "way/202811611"
      },
      "geometry": {
        "type": "Polygon",
        "coordinates": [
          [
            [
              16.2743163,
              48.1777382
            ],
            [
              16.2742965,
              48.1776046
            ],
            [
              16.2744538,
              48.1775943
            ],
            [
              16.2744629,
              48.1776554
            ],
            [
              16.2744294,
              48.1776576
            ],
            [
              16.2744401,
              48.17773
            ],
            [
              16.2743163,
              48.1777382
            ]
          ]
        ]
      }
    },
    {
      "type": "Feature",
      "id": "way/202811612",
      "properties": {
        "addr:city": "Wien",
        "addr:country": "AT",
        "addr:housenumber": "59",
        "addr:postcode": "1130",
        "addr:street": "Veitingergasse",
        "at_bev:addr_date": "2017-10-01",
        "building": "yes",
        "source": "wien.at",
        "osm_id": "way/202811612"
      },
      "geometry": {
        "type": "Polygon",
        "coordinates": [
          [
            [
              16.2726641,
              48.1798195
            ],
            [
              16.2726867,
              48.1799027
            ],
            [
              16.2729097,
              48.1798756
            ],
            [
              16.2728871,
              48.1797925
            ],
            [
              16.2726641,
              48.1798195
            ]
          ]
        ]
      }
    },
    {
      "type": "Feature",
      "id": "way/202811613",
      "properties": {
        "addr:city": "Wien",
        "addr:country": "AT",
        "addr:housenumber": "63",
        "addr:postcode": "1130",
        "addr:street": "Veitingergasse",
        "at_bev:addr_date": "2017-10-01",
        "building": "yes",
        "source": "wien.at",
        "osm_id": "way/202811613"
      },
      "geometry": {
        "type": "Polygon",
        "coordinates": [
          [
            [
              16.2719066,
              48.1798922
            ],
            [
              16.2719277,
              48.1799797
            ],
            [
              16.2720648,
              48.1799651
            ],
            [
              16.2720437,
              48.1798775
            ],
            [
              16.2719066,
              48.1798922
            ]
          ]
        ]
      }
    },
    {
      "type": "Feature",
      "id": "way/202811614",
      "properties": {
        "addr:city": "Wien",
        "addr:country": "AT",
        "addr:housenumber": "7",
        "addr:postcode": "1130",
        "addr:street": "In der Hagenau",
        "at_bev:addr_date": "2017-10-01",
        "building": "yes",
        "source": "wien.at",
        "osm_id": "way/202811614"
      },
      "geometry": {
        "type": "Polygon",
        "coordinates": [
          [
            [
              16.2722869,
              48.1794697
            ],
            [
              16.2722019,
              48.1794787
            ],
            [
              16.272232,
              48.1795962
            ],
            [
              16.2723147,
              48.1795875
            ],
            [
              16.2722869,
              48.1794697
            ]
          ]
        ]
      }
    },
    {
      "type": "Feature",
      "id": "way/202811615",
      "properties": {
        "addr:city": "Wien",
        "addr:country": "AT",
        "addr:housenumber": "17",
        "addr:postcode": "1130",
        "addr:street": "Rotenberggasse",
        "building": "yes",
        "source": "wien.at",
        "osm_id": "way/202811615"
      },
      "geometry": {
        "type": "Polygon",
        "coordinates": [
          [
            [
              16.2729948,
              48.1795787
            ],
            [
              16.2731557,
              48.1795652
            ],
            [
              16.2731406,
              48.1794855
            ],
            [
              16.2729797,
              48.179499
            ],
            [
              16.2729948,
              48.1795787
            ]
          ]
        ]
      }
    },
    {
      "type": "Feature",
      "id": "way/202811619",
      "properties": {
        "addr:city": "Wien",
        "addr:country": "AT",
        "addr:housenumber": "4",
        "addr:postcode": "1130",
        "addr:street": "Steinhardtgasse",
        "at_bev:addr_date": "2017-10-01",
        "building": "apartments",
        "source": "wien.at",
        "osm_id": "way/202811619"
      },
      "geometry": {
        "type": "Polygon",
        "coordinates": [
          [
            [
              16.2716645,
              48.178147
            ],
            [
              16.2717069,
              48.1783426
            ],
            [
              16.271891,
              48.1783249
            ],
            [
              16.2718486,
              48.1781292
            ],
            [
              16.2716645,
              48.178147
            ]
          ]
        ]
      }
    },
    {
      "type": "Feature",
      "id": "way/202811622",
      "properties": {
        "addr:city": "Wien",
        "addr:country": "AT",
        "addr:housenumber": "3",
        "addr:postcode": "1130",
        "addr:street": "Steinhardtgasse",
        "at_bev:addr_date": "2017-10-01",
        "building": "apartments",
        "source": "wien.at",
        "osm_id": "way/202811622"
      },
      "geometry": {
        "type": "Polygon",
        "coordinates": [
          [
            [
              16.2712033,
              48.178193
            ],
            [
              16.2712474,
              48.1783873
            ],
            [
              16.2714305,
              48.1783688
            ],
            [
              16.2713864,
              48.1781745
            ],
            [
              16.2712033,
              48.178193
            ]
          ]
        ]
      }
    },
    {
      "type": "Feature",
      "id": "way/202811623",
      "properties": {
        "building": "yes",
        "source": "wien.at",
        "osm_id": "way/202811623"
      },
      "geometry": {
        "type": "Polygon",
        "coordinates": [
          [
            [
              16.2756307,
              48.1799578
            ],
            [
              16.27568,
              48.17998
            ],
            [
              16.2757048,
              48.1799554
            ],
            [
              16.2756555,
              48.1799333
            ],
            [
              16.2756307,
              48.1799578
            ]
          ]
        ]
      }
    },
    {
      "type": "Feature",
      "id": "way/202811625",
      "properties": {
        "addr:city": "Wien",
        "addr:country": "AT",
        "addr:housenumber": "8",
        "addr:postcode": "1130",
        "addr:street": "Rotenberggasse",
        "building": "yes",
        "source": "wien.at",
        "osm_id": "way/202811625"
      },
      "geometry": {
        "type": "Polygon",
        "coordinates": [
          [
            [
              16.2732286,
              48.1784201
            ],
            [
              16.2733839,
              48.1784139
            ],
            [
              16.27337,
              48.1782601
            ],
            [
              16.2732147,
              48.1782664
            ],
            [
              16.2732286,
              48.1784201
            ]
          ]
        ]
      }
    },
    {
      "type": "Feature",
      "id": "way/202811628",
      "properties": {
        "addr:city": "Wien",
        "addr:country": "AT",
        "addr:housenumber": "9",
        "addr:postcode": "1130",
        "addr:street": "In der Hagenau",
        "at_bev:addr_date": "2017-10-01",
        "building": "yes",
        "source": "wien.at",
        "osm_id": "way/202811628"
      },
      "geometry": {
        "type": "Polygon",
        "coordinates": [
          [
            [
              16.2722019,
              48.1794787
            ],
            [
              16.2721228,
              48.179487
            ],
            [
              16.2721537,
              48.1796045
            ],
            [
              16.272232,
              48.1795962
            ],
            [
              16.2722019,
              48.1794787
            ]
          ]
        ]
      }
    },
    {
      "type": "Feature",
      "id": "way/202811629",
      "properties": {
        "building": "yes",
        "source": "wien.at",
        "osm_id": "way/202811629"
      },
      "geometry": {
        "type": "Polygon",
        "coordinates": [
          [
            [
              16.2728459,
              48.1784864
            ],
            [
              16.2727987,
              48.1784892
            ],
            [
              16.2728051,
              48.1785376
            ],
            [
              16.2728523,
              48.1785348
            ],
            [
              16.2728459,
              48.1784864
            ]
          ]
        ]
      }
    },
    {
      "type": "Feature",
      "id": "way/202811631",
      "properties": {
        "building": "yes",
        "source": "wien.at",
        "osm_id": "way/202811631"
      },
      "geometry": {
        "type": "Polygon",
        "coordinates": [
          [
            [
              16.274175,
              48.1799506
            ],
            [
              16.274258,
              48.1799381
            ],
            [
              16.274239,
              48.1798823
            ],
            [
              16.274156,
              48.1798949
            ],
            [
              16.274175,
              48.1799506
            ]
          ]
        ]
      }
    },
    {
      "type": "Feature",
      "id": "way/202811634",
      "properties": {
        "addr:city": "Wien",
        "addr:country": "AT",
        "addr:housenumber": "4",
        "addr:postcode": "1130",
        "addr:street": "In der Hagenau",
        "at_bev:addr_date": "2017-10-01",
        "building": "yes",
        "source": "wien.at",
        "osm_id": "way/202811634"
      },
      "geometry": {
        "type": "Polygon",
        "coordinates": [
          [
            [
              16.2718856,
              48.1798047
            ],
            [
              16.2719066,
              48.1798922
            ],
            [
              16.2720437,
              48.1798775
            ],
            [
              16.2720227,
              48.17979
            ],
            [
              16.2718856,
              48.1798047
            ]
          ]
        ]
      }
    },
    {
      "type": "Feature",
      "id": "way/202811635",
      "properties": {
        "addr:city": "Wien",
        "addr:country": "AT",
        "addr:housenumber": "29",
        "addr:postcode": "1130",
        "addr:street": "Gobergasse",
        "addr:unit": "1",
        "building": "yes",
        "osm_id": "way/202811635"
      },
      "geometry": {
        "type": "Polygon",
        "coordinates": [
          [
            [
              16.2749685,
              48.1785558
            ],
            [
              16.2751429,
              48.1785319
            ],
            [
              16.2751172,
              48.1784483
            ],
            [
              16.2749986,
              48.1784645
            ],
            [
              16.2749958,
              48.1784552
            ],
            [
              16.2749515,
              48.1784613
            ],
            [
              16.2749543,
              48.1784705
            ],
            [
              16.2749427,
              48.1784721
            ],
            [
              16.2749685,
              48.1785558
            ]
          ]
        ]
      }
    },
    {
      "type": "Feature",
      "id": "way/202811636",
      "properties": {
        "addr:city": "Wien",
        "addr:country": "AT",
        "addr:housenumber": "50",
        "addr:postcode": "1130",
        "addr:street": "Gobergasse",
        "at_bev:addr_date": "2017-10-01",
        "building": "detached",
        "source": "wien.at",
        "osm_id": "way/202811636"
      },
      "geometry": {
        "type": "Polygon",
        "coordinates": [
          [
            [
              16.272417,
              48.1791132
            ],
            [
              16.27244,
              48.179209
            ],
            [
              16.2725743,
              48.1791947
            ],
            [
              16.2725513,
              48.1790988
            ],
            [
              16.272417,
              48.1791132
            ]
          ]
        ]
      }
    },
    {
      "type": "Feature",
      "id": "way/202811639",
      "properties": {
        "addr:city": "Wien",
        "addr:country": "AT",
        "addr:housenumber": "37-39",
        "addr:postcode": "1130",
        "addr:street": "Gobergasse",
        "addr:unit": "1",
        "building": "house",
        "source": "wien.at",
        "osm_id": "way/202811639"
      },
      "geometry": {
        "type": "Polygon",
        "coordinates": [
          [
            [
              16.2744113,
              48.1781782
            ],
            [
              16.2744242,
              48.1781773
            ],
            [
              16.2744228,
              48.1781686
            ],
            [
              16.2744655,
              48.1781656
            ],
            [
              16.274467,
              48.1781752
            ],
            [
              16.2744883,
              48.1781737
            ],
            [
              16.2744943,
              48.1782107
            ],
            [
              16.2745123,
              48.1782094
            ],
            [
              16.2745167,
              48.1782364
            ],
            [
              16.2744986,
              48.1782377
            ],
            [
              16.2745032,
              48.1782667
            ],
            [
              16.2744264,
              48.1782721
            ],
            [
              16.2744113,
              48.1781782
            ]
          ]
        ]
      }
    },
    {
      "type": "Feature",
      "id": "way/202811642",
      "properties": {
        "building": "office",
        "source": "wien.at",
        "osm_id": "way/202811642"
      },
      "geometry": {
        "type": "Polygon",
        "coordinates": [
          [
            [
              16.2726846,
              48.1777312
            ],
            [
              16.272708,
              48.1778714
            ],
            [
              16.2729096,
              48.1778565
            ],
            [
              16.2728966,
              48.1777784
            ],
            [
              16.2728862,
              48.1777163
            ],
            [
              16.2726846,
              48.1777312
            ]
          ]
        ]
      }
    },
    {
      "type": "Feature",
      "id": "way/202811647",
      "properties": {
        "addr:city": "Wien",
        "addr:country": "AT",
        "addr:housenumber": "15",
        "addr:postcode": "1130",
        "addr:street": "Rotenberggasse",
        "building": "yes",
        "source": "wien.at",
        "osm_id": "way/202811647"
      },
      "geometry": {
        "type": "Polygon",
        "coordinates": [
          [
            [
              16.2729948,
              48.1794351
            ],
            [
              16.2731412,
              48.1794255
            ],
            [
              16.2731222,
              48.1792963
            ],
            [
              16.2729758,
              48.1793058
            ],
            [
              16.2729948,
              48.1794351
            ]
          ]
        ]
      }
    },
    {
      "type": "Feature",
      "id": "way/202811649",
      "properties": {
        "addr:city": "Wien",
        "addr:country": "AT",
        "addr:housenumber": "57",
        "addr:postcode": "1130",
        "addr:street": "Gobergasse",
        "at_bev:addr_date": "2017-10-01",
        "building": "apartments",
        "source": "wien.at",
        "osm_id": "way/202811649"
      },
      "geometry": {
        "type": "Polygon",
        "coordinates": [
          [
            [
              16.2718243,
              48.1789694
            ],
            [
              16.2719744,
              48.1789545
            ],
            [
              16.2719446,
              48.1788208
            ],
            [
              16.2717945,
              48.1788356
            ],
            [
              16.2718243,
              48.1789694
            ]
          ]
        ]
      }
    },
    {
      "type": "Feature",
      "id": "way/202811651",
      "properties": {
        "addr:city": "Wien",
        "addr:country": "AT",
        "addr:housenumber": "11",
        "addr:postcode": "1130",
        "addr:street": "In der Hagenau",
        "at_bev:addr_date": "2017-10-01",
        "building": "yes",
        "source": "wien.at",
        "osm_id": "way/202811651"
      },
      "geometry": {
        "type": "Polygon",
        "coordinates": [
          [
            [
              16.2721228,
              48.179487
            ],
            [
              16.2720074,
              48.1794991
            ],
            [
              16.2720353,
              48.1796169
            ],
            [
              16.2721537,
              48.1796045
            ],
            [
              16.2721228,
              48.179487
            ]
          ]
        ]
      }
    },
    {
      "type": "Feature",
      "id": "way/202811652",
      "properties": {
        "building": "service",
        "name": "Notausstieg Veitingergasse",
        "official_name": "Lainzer Tunnel Notausstieg 13+14 Veitingergasse",
        "operator": "ÖBB",
        "ref": "NA 13+14",
        "osm_id": "way/202811652"
      },
      "geometry": {
        "type": "Polygon",
        "coordinates": [
          [
            [
              16.2730438,
              48.1804536
            ],
            [
              16.2731553,
              48.180522
            ],
            [
              16.27321,
              48.1804824
            ],
            [
              16.2730985,
              48.180414
            ],
            [
              16.2730438,
              48.1804536
            ]
          ]
        ]
      }
    },
    {
      "type": "Feature",
      "id": "way/202811653",
      "properties": {
        "addr:city": "Wien",
        "addr:country": "AT",
        "addr:housenumber": "32",
        "addr:postcode": "1130",
        "addr:street": "Jagdschloßgasse",
        "at_bev:addr_date": "2017-10-01",
        "building": "detached",
        "source": "wien.at",
        "osm_id": "way/202811653"
      },
      "geometry": {
        "type": "Polygon",
        "coordinates": [
          [
            [
              16.2740941,
              48.1777256
            ],
            [
              16.2742418,
              48.1777154
            ],
            [
              16.2742248,
              48.1776058
            ],
            [
              16.2740771,
              48.177616
            ],
            [
              16.2740941,
              48.1777256
            ]
          ]
        ]
      }
    },
    {
      "type": "Feature",
      "id": "way/202811654",
      "properties": {
        "addr:city": "Wien",
        "addr:country": "AT",
        "addr:housenumber": "32A",
        "addr:postcode": "1130",
        "addr:street": "Jagdschloßgasse",
        "at_bev:addr_date": "2017-10-01",
        "building": "yes",
        "source": "wien.at",
        "osm_id": "way/202811654"
      },
      "geometry": {
        "type": "Polygon",
        "coordinates": [
          [
            [
              16.2741391,
              48.1780818
            ],
            [
              16.2743378,
              48.1780663
            ],
            [
              16.2743235,
              48.1779802
            ],
            [
              16.2743061,
              48.1779814
            ],
            [
              16.2743033,
              48.1779676
            ],
            [
              16.2741248,
              48.1779809
            ],
            [
              16.274127,
              48.1779956
            ],
            [
              16.2741237,
              48.1779959
            ],
            [
              16.2741391,
              48.1780818
            ]
          ]
        ]
      }
    },
    {
      "type": "Feature",
      "id": "way/202811655",
      "properties": {
        "addr:city": "Wien",
        "addr:country": "AT",
        "addr:housenumber": "1",
        "addr:postcode": "1130",
        "addr:street": "In der Hagenau",
        "at_bev:addr_date": "2017-10-01",
        "building": "yes",
        "source": "wien.at",
        "osm_id": "way/202811655"
      },
      "geometry": {
        "type": "Polygon",
        "coordinates": [
          [
            [
              16.2723098,
              48.1798295
            ],
            [
              16.2723409,
              48.179937
            ],
            [
              16.2724778,
              48.1799194
            ],
            [
              16.2724478,
              48.1798157
            ],
            [
              16.2723098,
              48.1798295
            ]
          ]
        ]
      }
    },
    {
      "type": "Feature",
      "id": "way/202811657",
      "properties": {
        "addr:city": "Wien",
        "addr:country": "AT",
        "addr:housenumber": "62",
        "addr:postcode": "1130",
        "addr:street": "Gobergasse",
        "addr:unit": "1",
        "building": "apartments",
        "source": "wien.at",
        "osm_id": "way/202811657"
      },
      "geometry": {
        "type": "Polygon",
        "coordinates": [
          [
            [
              16.2711337,
              48.1792162
            ],
            [
              16.2711424,
              48.1793141
            ],
            [
              16.2713986,
              48.1793039
            ],
            [
              16.2713898,
              48.179206
            ],
            [
              16.2711337,
              48.1792162
            ]
          ]
        ]
      }
    },
    {
      "type": "Feature",
      "id": "way/202811658",
      "properties": {
        "addr:city": "Wien",
        "addr:country": "AT",
        "addr:housenumber": "37-39",
        "addr:postcode": "1130",
        "addr:street": "Gobergasse",
        "addr:unit": "2",
        "building": "house",
        "source": "wien.at",
        "osm_id": "way/202811658"
      },
      "geometry": {
        "type": "Polygon",
        "coordinates": [
          [
            [
              16.2743302,
              48.1781849
            ],
            [
              16.2743381,
              48.1781843
            ],
            [
              16.2743365,
              48.1781748
            ],
            [
              16.274399,
              48.1781703
            ],
            [
              16.2744004,
              48.178179
            ],
            [
              16.2744113,
              48.1781782
            ],
            [
              16.2744264,
              48.1782721
            ],
            [
              16.2744269,
              48.178275
            ],
            [
              16.2743456,
              48.1782809
            ],
            [
              16.2743302,
              48.1781849
            ]
          ]
        ]
      }
    },
    {
      "type": "Feature",
      "id": "way/202811663",
      "properties": {
        "addr:city": "Wien",
        "addr:country": "AT",
        "addr:housenumber": "61",
        "addr:postcode": "1130",
        "addr:street": "Gobergasse",
        "addr:unit": "4",
        "at_bev:addr_date": "2017-10-01",
        "building": "apartments",
        "source": "wien.at",
        "osm_id": "way/202811663"
      },
      "geometry": {
        "type": "Polygon",
        "coordinates": [
          [
            [
              16.2709092,
              48.1788019
            ],
            [
              16.270845,
              48.1789995
            ],
            [
              16.2710058,
              48.1790227
            ],
            [
              16.2710701,
              48.1788252
            ],
            [
              16.2709092,
              48.1788019
            ]
          ]
        ]
      }
    },
    {
      "type": "Feature",
      "id": "way/202811664",
      "properties": {
        "addr:city": "Wien",
        "addr:country": "AT",
        "addr:housenumber": "10",
        "addr:postcode": "1130",
        "addr:street": "Rotenberggasse",
        "building": "detached",
        "source": "wien.at",
        "osm_id": "way/202811664"
      },
      "geometry": {
        "type": "Polygon",
        "coordinates": [
          [
            [
              16.2733037,
              48.1786186
            ],
            [
              16.2734159,
              48.1786135
            ],
            [
              16.273402,
              48.1784766
            ],
            [
              16.2732897,
              48.1784817
            ],
            [
              16.2733037,
              48.1786186
            ]
          ]
        ]
      }
    },
    {
      "type": "Feature",
      "id": "way/202811667",
      "properties": {
        "addr:city": "Wien",
        "addr:country": "AT",
        "addr:housenumber": "62",
        "addr:postcode": "1130",
        "addr:street": "Veitingergasse",
        "at_bev:addr_date": "2017-10-01",
        "building": "yes",
        "source": "wien.at",
        "osm_id": "way/202811667"
      },
      "geometry": {
        "type": "Polygon",
        "coordinates": [
          [
            [
              16.2721586,
              48.180493
            ],
            [
              16.2722634,
              48.1805753
            ],
            [
              16.2723763,
              48.1805114
            ],
            [
              16.2722714,
              48.1804291
            ],
            [
              16.2721586,
              48.180493
            ]
          ]
        ]
      }
    },
    {
      "type": "Feature",
      "id": "way/202811668",
      "properties": {
        "addr:city": "Wien",
        "addr:country": "AT",
        "addr:housenumber": "28A",
        "addr:postcode": "1130",
        "addr:street": "Jagdschloßgasse",
        "at_bev:addr_date": "2017-10-01",
        "building": "yes",
        "source": "wien.at",
        "osm_id": "way/202811668"
      },
      "geometry": {
        "type": "Polygon",
        "coordinates": [
          [
            [
              16.274576,
              48.1780052
            ],
            [
              16.2745523,
              48.1778705
            ],
            [
              16.2746968,
              48.1778592
            ],
            [
              16.2747204,
              48.177994
            ],
            [
              16.274576,
              48.1780052
            ]
          ]
        ]
      }
    },
    {
      "type": "Feature",
      "id": "way/202811669",
      "properties": {
        "addr:city": "Wien",
        "addr:country": "AT",
        "addr:housenumber": "49",
        "addr:postcode": "1130",
        "addr:street": "Gobergasse",
        "at_bev:addr_date": "2017-10-01",
        "building": "detached",
        "source": "wien.at",
        "osm_id": "way/202811669"
      },
      "geometry": {
        "type": "Polygon",
        "coordinates": [
          [
            [
              16.2726075,
              48.1788957
            ],
            [
              16.2727661,
              48.1788772
            ],
            [
              16.272745,
              48.1787968
            ],
            [
              16.2725864,
              48.1788153
            ],
            [
              16.2726075,
              48.1788957
            ]
          ]
        ]
      }
    },
    {
      "type": "Feature",
      "id": "way/202811671",
      "properties": {
        "building": "yes",
        "source": "wien.at",
        "osm_id": "way/202811671"
      },
      "geometry": {
        "type": "Polygon",
        "coordinates": [
          [
            [
              16.2720546,
              48.1794309
            ],
            [
              16.272142,
              48.1794233
            ],
            [
              16.2721367,
              48.1793963
            ],
            [
              16.2720493,
              48.1794039
            ],
            [
              16.2720546,
              48.1794309
            ]
          ]
        ]
      }
    },
    {
      "type": "Feature",
      "id": "way/202811673",
      "properties": {
        "addr:city": "Wien",
        "addr:country": "AT",
        "addr:housenumber": "65",
        "addr:postcode": "1130",
        "addr:street": "Veitingergasse",
        "at_bev:addr_date": "2017-10-01",
        "building": "yes",
        "source": "wien.at",
        "osm_id": "way/202811673"
      },
      "geometry": {
        "type": "Polygon",
        "coordinates": [
          [
            [
              16.2715336,
              48.1799591
            ],
            [
              16.2716753,
              48.1799393
            ],
            [
              16.2716854,
              48.1799816
            ],
            [
              16.271704,
              48.1799903
            ],
            [
              16.2716724,
              48.18002
            ],
            [
              16.2716518,
              48.1800097
            ],
            [
              16.2715672,
              48.1800205
            ],
            [
              16.271562,
              48.1799963
            ],
            [
              16.2715431,
              48.1799987
            ],
            [
              16.2715336,
              48.1799591
            ]
          ]
        ]
      }
    },
    {
      "type": "Feature",
      "id": "way/202811675",
      "properties": {
        "addr:city": "Wien",
        "addr:country": "AT",
        "addr:housenumber": "37-39",
        "addr:postcode": "1130",
        "addr:street": "Gobergasse",
        "addr:unit": "5",
        "building": "house",
        "source": "wien.at",
        "osm_id": "way/202811675"
      },
      "geometry": {
        "type": "Polygon",
        "coordinates": [
          [
            [
              16.2741809,
              48.1782989
            ],
            [
              16.2741059,
              48.1783043
            ],
            [
              16.2741023,
              48.178282
            ],
            [
              16.2740836,
              48.1782833
            ],
            [
              16.2740771,
              48.1782429
            ],
            [
              16.2740959,
              48.1782416
            ],
            [
              16.2740897,
              48.1782027
            ],
            [
              16.2741074,
              48.1782015
            ],
            [
              16.2741057,
              48.1781911
            ],
            [
              16.2741465,
              48.1781882
            ],
            [
              16.2741481,
              48.1781983
            ],
            [
              16.2741645,
              48.1781972
            ],
            [
              16.2741809,
              48.1782989
            ]
          ]
        ]
      }
    },
    {
      "type": "Feature",
      "id": "way/202811676",
      "properties": {
        "building": "yes",
        "source": "wien.at",
        "osm_id": "way/202811676"
      },
      "geometry": {
        "type": "Polygon",
        "coordinates": [
          [
            [
              16.2725373,
              48.17955
            ],
            [
              16.2726387,
              48.1795323
            ],
            [
              16.2726128,
              48.1794666
            ],
            [
              16.2725115,
              48.1794843
            ],
            [
              16.2725373,
              48.17955
            ]
          ]
        ]
      }
    },
    {
      "type": "Feature",
      "id": "way/202811680",
      "properties": {
        "addr:city": "Wien",
        "addr:country": "AT",
        "addr:housenumber": "7",
        "addr:postcode": "1130",
        "addr:street": "Rotenberggasse",
        "at_bev:addr_date": "2017-10-01",
        "building": "detached",
        "source": "wien.at",
        "osm_id": "way/202811680"
      },
      "geometry": {
        "type": "Polygon",
        "coordinates": [
          [
            [
              16.2728208,
              48.1784309
            ],
            [
              16.2729355,
              48.1784243
            ],
            [
              16.2729252,
              48.1783446
            ],
            [
              16.2728105,
              48.1783512
            ],
            [
              16.2728208,
              48.1784309
            ]
          ]
        ]
      }
    },
    {
      "type": "Feature",
      "id": "way/202811681",
      "properties": {
        "addr:city": "Wien",
        "addr:country": "AT",
        "addr:housenumber": "37-39",
        "addr:postcode": "1130",
        "addr:street": "Gobergasse",
        "addr:unit": "3",
        "building": "house",
        "source": "wien.at",
        "osm_id": "way/202811681"
      },
      "geometry": {
        "type": "Polygon",
        "coordinates": [
          [
            [
              16.2742465,
              48.1781904
            ],
            [
              16.274265,
              48.1781891
            ],
            [
              16.2742636,
              48.1781802
            ],
            [
              16.2743084,
              48.178177
            ],
            [
              16.2743099,
              48.1781864
            ],
            [
              16.2743302,
              48.1781849
            ],
            [
              16.2743456,
              48.1782809
            ],
            [
              16.2743466,
              48.178287
            ],
            [
              16.274263,
              48.178293
            ],
            [
              16.2742465,
              48.1781904
            ]
          ]
        ]
      }
    },
    {
      "type": "Feature",
      "id": "way/202811686",
      "properties": {
        "building": "yes",
        "source": "wien.at",
        "osm_id": "way/202811686"
      },
      "geometry": {
        "type": "Polygon",
        "coordinates": [
          [
            [
              16.2735652,
              48.1779341
            ],
            [
              16.2736322,
              48.1779303
            ],
            [
              16.2736178,
              48.1778162
            ],
            [
              16.2735509,
              48.17782
            ],
            [
              16.2735652,
              48.1779341
            ]
          ]
        ]
      }
    },
    {
      "type": "Feature",
      "id": "way/202811687",
      "properties": {
        "addr:city": "Wien",
        "addr:country": "AT",
        "addr:housenumber": "17A",
        "addr:postcode": "1130",
        "addr:street": "Rotenberggasse",
        "building": "yes",
        "source": "wien.at",
        "osm_id": "way/202811687"
      },
      "geometry": {
        "type": "Polygon",
        "coordinates": [
          [
            [
              16.272901,
              48.1797486
            ],
            [
              16.2731329,
              48.1797224
            ],
            [
              16.2731063,
              48.1796176
            ],
            [
              16.2728744,
              48.1796438
            ],
            [
              16.272901,
              48.1797486
            ]
          ]
        ]
      }
    },
    {
      "type": "Feature",
      "id": "way/202811692",
      "properties": {
        "building": "yes",
        "source": "wien.at",
        "wikidata": "Q116166778",
        "osm_id": "way/202811692"
      },
      "geometry": {
        "type": "Polygon",
        "coordinates": [
          [
            [
              16.2759053,
              48.179729
            ],
            [
              16.2759363,
              48.1797248
            ],
            [
              16.2759452,
              48.1797236
            ],
            [
              16.2759329,
              48.1796839
            ],
            [
              16.275893,
              48.1796894
            ],
            [
              16.2759053,
              48.179729
            ]
          ]
        ]
      }
    },
    {
      "type": "Feature",
      "id": "way/202811694",
      "properties": {
        "addr:city": "Wien",
        "addr:country": "AT",
        "addr:housenumber": "9",
        "addr:postcode": "1130",
        "addr:street": "Rotenberggasse",
        "at_bev:addr_date": "2017-10-01",
        "building": "yes",
        "source": "wien.at",
        "osm_id": "way/202811694"
      },
      "geometry": {
        "type": "Polygon",
        "coordinates": [
          [
            [
              16.2728459,
              48.1784864
            ],
            [
              16.2728523,
              48.1785348
            ],
            [
              16.2728568,
              48.1785686
            ],
            [
              16.2729967,
              48.1785603
            ],
            [
              16.2729857,
              48.1784781
            ],
            [
              16.2728459,
              48.1784864
            ]
          ]
        ]
      }
    },
    {
      "type": "Feature",
      "id": "way/202811700",
      "properties": {
        "addr:city": "Wien",
        "addr:country": "AT",
        "addr:housenumber": "54",
        "addr:postcode": "1130",
        "addr:street": "Gobergasse",
        "at_bev:addr_date": "2017-10-01",
        "building": "apartments",
        "source": "wien.at",
        "osm_id": "way/202811700"
      },
      "geometry": {
        "type": "Polygon",
        "coordinates": [
          [
            [
              16.2721432,
              48.1791432
            ],
            [
              16.2720426,
              48.1791555
            ],
            [
              16.2720744,
              48.1792712
            ],
            [
              16.2720796,
              48.1792903
            ],
            [
              16.2721802,
              48.179278
            ],
            [
              16.2721432,
              48.1791432
            ]
          ]
        ]
      }
    },
    {
      "type": "Feature",
      "id": "way/202811703",
      "properties": {
        "building": "yes",
        "source": "wien.at",
        "osm_id": "way/202811703"
      },
      "geometry": {
        "type": "Polygon",
        "coordinates": [
          [
            [
              16.2756675,
              48.1778383
            ],
            [
              16.2758046,
              48.1778303
            ],
            [
              16.2757959,
              48.1777643
            ],
            [
              16.2756788,
              48.1777712
            ],
            [
              16.2756587,
              48.1777723
            ],
            [
              16.2756675,
              48.1778383
            ]
          ]
        ]
      }
    },
    {
      "type": "Feature",
      "id": "way/202811705",
      "properties": {
        "addr:city": "Wien",
        "addr:country": "AT",
        "addr:housenumber": "2B",
        "addr:postcode": "1130",
        "addr:street": "Josef-Gangl-Gasse",
        "at_bev:addr_date": "2017-10-01",
        "building": "yes",
        "source": "wien.at",
        "osm_id": "way/202811705"
      },
      "geometry": {
        "type": "Polygon",
        "coordinates": [
          [
            [
              16.2716595,
              48.1807207
            ],
            [
              16.2715127,
              48.1806226
            ],
            [
              16.2713683,
              48.1807187
            ],
            [
              16.271515,
              48.1808168
            ],
            [
              16.2716595,
              48.1807207
            ]
          ]
        ]
      }
    },
    {
      "type": "Feature",
      "id": "way/202811708",
      "properties": {
        "addr:city": "Wien",
        "addr:country": "AT",
        "addr:housenumber": "5",
        "addr:postcode": "1130",
        "addr:street": "In der Hagenau",
        "at_bev:addr_date": "2017-10-01",
        "building": "yes",
        "source": "wien.at",
        "osm_id": "way/202811708"
      },
      "geometry": {
        "type": "Polygon",
        "coordinates": [
          [
            [
              16.2723147,
              48.1795875
            ],
            [
              16.2724148,
              48.179577
            ],
            [
              16.2724103,
              48.1795578
            ],
            [
              16.2724385,
              48.1795548
            ],
            [
              16.2724152,
              48.1794562
            ],
            [
              16.2722869,
              48.1794697
            ],
            [
              16.2723147,
              48.1795875
            ]
          ]
        ]
      }
    },
    {
      "type": "Feature",
      "id": "way/202811709",
      "properties": {
        "addr:city": "Wien",
        "addr:country": "AT",
        "addr:housenumber": "27",
        "addr:postcode": "1130",
        "addr:street": "Gobergasse",
        "at_bev:addr_date": "2017-10-01",
        "building": "yes",
        "source": "wien.at",
        "osm_id": "way/202811709"
      },
      "geometry": {
        "type": "Polygon",
        "coordinates": [
          [
            [
              16.2752415,
              48.1785249
            ],
            [
              16.2754132,
              48.1785059
            ],
            [
              16.2753791,
              48.1783688
            ],
            [
              16.2752832,
              48.1783794
            ],
            [
              16.2752998,
              48.1784463
            ],
            [
              16.2752241,
              48.1784547
            ],
            [
              16.2752415,
              48.1785249
            ]
          ]
        ]
      }
    },
    {
      "type": "Feature",
      "id": "way/202811710",
      "properties": {
        "addr:city": "Wien",
        "addr:country": "AT",
        "addr:housenumber": "40",
        "addr:postcode": "1130",
        "addr:street": "Jagdschloßgasse",
        "addr:unit": "1",
        "building": "apartments",
        "building:levels": "3",
        "roof:levels": "0",
        "source": "wien.at",
        "osm_id": "way/202811710"
      },
      "geometry": {
        "type": "Polygon",
        "coordinates": [
          [
            [
              16.2723198,
              48.1777588
            ],
            [
              16.2721151,
              48.1777774
            ],
            [
              16.2721258,
              48.1778302
            ],
            [
              16.2721382,
              48.1778291
            ],
            [
              16.2721542,
              48.1779078
            ],
            [
              16.2722452,
              48.1778996
            ],
            [
              16.2722514,
              48.1779303
            ],
            [
              16.2722919,
              48.1779266
            ],
            [
              16.2722937,
              48.1779359
            ],
            [
              16.2723547,
              48.1779304
            ],
            [
              16.2723198,
              48.1777588
            ]
          ]
        ]
      }
    },
    {
      "type": "Feature",
      "id": "way/202811712",
      "properties": {
        "addr:city": "Wien",
        "addr:country": "AT",
        "addr:housenumber": "2E",
        "addr:postcode": "1130",
        "addr:street": "Josef-Gangl-Gasse",
        "at_bev:addr_date": "2017-10-01",
        "building": "yes",
        "source": "wien.at",
        "wikidata": "Q116007930",
        "osm_id": "way/202811712"
      },
      "geometry": {
        "type": "Polygon",
        "coordinates": [
          [
            [
              16.2708968,
              48.1810152
            ],
            [
              16.2710391,
              48.1811074
            ],
            [
              16.2710828,
              48.1810774
            ],
            [
              16.2711684,
              48.1810187
            ],
            [
              16.271083,
              48.1809634
            ],
            [
              16.2710261,
              48.1809265
            ],
            [
              16.2708968,
              48.1810152
            ]
          ]
        ]
      }
    },
    {
      "type": "Feature",
      "id": "way/202811715",
      "properties": {
        "addr:city": "Wien",
        "addr:country": "AT",
        "addr:housenumber": "34",
        "addr:postcode": "1130",
        "addr:street": "Jagdschloßgasse",
        "building": "apartments",
        "source": "wien.at",
        "osm_id": "way/202811715"
      },
      "geometry": {
        "type": "Polygon",
        "coordinates": [
          [
            [
              16.2732522,
              48.1777571
            ],
            [
              16.2732368,
              48.1776692
            ],
            [
              16.2734038,
              48.1776562
            ],
            [
              16.2734088,
              48.1776851
            ],
            [
              16.2734818,
              48.1776794
            ],
            [
              16.2734932,
              48.1777443
            ],
            [
              16.2734195,
              48.1777501
            ],
            [
              16.2734185,
              48.1777441
            ],
            [
              16.2732522,
              48.1777571
            ]
          ]
        ]
      }
    },
    {
      "type": "Feature",
      "id": "way/202811717",
      "properties": {
        "addr:city": "Wien",
        "addr:country": "AT",
        "addr:housenumber": "2A",
        "addr:postcode": "1130",
        "addr:street": "Josef-Gangl-Gasse",
        "at_bev:addr_date": "2017-10-01",
        "building": "yes",
        "source": "wien.at",
        "osm_id": "way/202811717"
      },
      "geometry": {
        "type": "Polygon",
        "coordinates": [
          [
            [
              16.2716857,
              48.180655
            ],
            [
              16.2718114,
              48.1805688
            ],
            [
              16.2717453,
              48.180526
            ],
            [
              16.2717297,
              48.1805367
            ],
            [
              16.2716422,
              48.18048
            ],
            [
              16.2715322,
              48.1805554
            ],
            [
              16.2716857,
              48.180655
            ]
          ]
        ]
      }
    },
    {
      "type": "Feature",
      "id": "way/202811718",
      "properties": {
        "building": "yes",
        "source": "wien.at",
        "osm_id": "way/202811718"
      },
      "geometry": {
        "type": "Polygon",
        "coordinates": [
          [
            [
              16.2733917,
              48.1780756
            ],
            [
              16.2735763,
              48.1780643
            ],
            [
              16.2735716,
              48.1780297
            ],
            [
              16.2734745,
              48.1780356
            ],
            [
              16.2733869,
              48.178041
            ],
            [
              16.2733892,
              48.178058
            ],
            [
              16.2733917,
              48.1780756
            ]
          ]
        ]
      }
    },
    {
      "type": "Feature",
      "id": "way/202811719",
      "properties": {
        "addr:city": "Wien",
        "addr:country": "AT",
        "addr:housenumber": "2F",
        "addr:postcode": "1130",
        "addr:street": "Josef-Gangl-Gasse",
        "at_bev:addr_date": "2017-10-01",
        "building": "yes",
        "source": "wien.at",
        "osm_id": "way/202811719"
      },
      "geometry": {
        "type": "Polygon",
        "coordinates": [
          [
            [
              16.2706012,
              48.1812358
            ],
            [
              16.2707629,
              48.1813242
            ],
            [
              16.2708132,
              48.1812833
            ],
            [
              16.270805,
              48.1812788
            ],
            [
              16.2708621,
              48.1812324
            ],
            [
              16.2708572,
              48.1812297
            ],
            [
              16.2708964,
              48.1811979
            ],
            [
              16.2708077,
              48.1811493
            ],
            [
              16.2707549,
              48.1811923
            ],
            [
              16.2706949,
              48.1811595
            ],
            [
              16.2706012,
              48.1812358
            ]
          ]
        ]
      }
    },
    {
      "type": "Feature",
      "id": "way/202811721",
      "properties": {
        "addr:city": "Wien",
        "addr:country": "AT",
        "addr:housenumber": "31",
        "addr:postcode": "1130",
        "addr:street": "Gobergasse",
        "at_bev:addr_date": "2017-10-01",
        "building": "yes",
        "source": "wien.at",
        "osm_id": "way/202811721"
      },
      "geometry": {
        "type": "Polygon",
        "coordinates": [
          [
            [
              16.2746645,
              48.1784739
            ],
            [
              16.2747021,
              48.1786132
            ],
            [
              16.2748984,
              48.1785896
            ],
            [
              16.2748604,
              48.1784488
            ],
            [
              16.2748211,
              48.1784536
            ],
            [
              16.2748146,
              48.1784295
            ],
            [
              16.2747036,
              48.1784429
            ],
            [
              16.2747105,
              48.1784684
            ],
            [
              16.2746645,
              48.1784739
            ]
          ]
        ]
      }
    },
    {
      "type": "Feature",
      "id": "way/202811724",
      "properties": {
        "addr:city": "Wien",
        "addr:country": "AT",
        "addr:housenumber": "25",
        "addr:postcode": "1130",
        "addr:street": "In der Hagenau",
        "at_bev:addr_date": "2017-10-01",
        "building": "yes",
        "source": "wien.at",
        "osm_id": "way/202811724"
      },
      "geometry": {
        "type": "Polygon",
        "coordinates": [
          [
            [
              16.2712521,
              48.1799354
            ],
            [
              16.2712329,
              48.1798609
            ],
            [
              16.2712125,
              48.1798508
            ],
            [
              16.2711615,
              48.1798559
            ],
            [
              16.2711449,
              48.1798449
            ],
            [
              16.2711128,
              48.1798476
            ],
            [
              16.271086,
              48.1798655
            ],
            [
              16.2710879,
              48.1798732
            ],
            [
              16.2710707,
              48.1798765
            ],
            [
              16.2710796,
              48.1799111
            ],
            [
              16.2711031,
              48.1799076
            ],
            [
              16.2711133,
              48.1799508
            ],
            [
              16.2712521,
              48.1799354
            ]
          ]
        ]
      }
    },
    {
      "type": "Feature",
      "id": "way/202811731",
      "properties": {
        "addr:city": "Wien",
        "addr:country": "AT",
        "addr:housenumber": "24",
        "addr:postcode": "1130",
        "addr:street": "Jagdschloßgasse",
        "at_bev:addr_date": "2017-10-01",
        "building": "yes",
        "source": "wien.at",
        "osm_id": "way/202811731"
      },
      "geometry": {
        "type": "Polygon",
        "coordinates": [
          [
            [
              16.2756062,
              48.1774848
            ],
            [
              16.2756359,
              48.1774822
            ],
            [
              16.2756389,
              48.1774728
            ],
            [
              16.2756691,
              48.1774708
            ],
            [
              16.275681,
              48.1774829
            ],
            [
              16.2757556,
              48.1774782
            ],
            [
              16.275771,
              48.1775835
            ],
            [
              16.2757155,
              48.1775868
            ],
            [
              16.275716,
              48.1775925
            ],
            [
              16.2756911,
              48.1775939
            ],
            [
              16.2756897,
              48.1775862
            ],
            [
              16.2756364,
              48.1775898
            ],
            [
              16.2756316,
              48.1775504
            ],
            [
              16.2756099,
              48.17754
            ],
            [
              16.2756073,
              48.177524
            ],
            [
              16.2756125,
              48.1775209
            ],
            [
              16.2756062,
              48.1774848
            ]
          ]
        ]
      }
    },
    {
      "type": "Feature",
      "id": "way/202811732",
      "properties": {
        "building": "church",
        "source": "wien.at",
        "osm_id": "way/202811732"
      },
      "geometry": {
        "type": "Polygon",
        "coordinates": [
          [
            [
              16.2709813,
              48.1781319
            ],
            [
              16.271096,
              48.1780986
            ],
            [
              16.2710854,
              48.1780824
            ],
            [
              16.2710298,
              48.1779971
            ],
            [
              16.2709946,
              48.1779432
            ],
            [
              16.27088,
              48.1779764
            ],
            [
              16.2709813,
              48.1781319
            ]
          ]
        ]
      }
    },
    {
      "type": "Feature",
      "id": "way/202811733",
      "properties": {
        "addr:city": "Wien",
        "addr:country": "AT",
        "addr:housenumber": "4",
        "addr:postcode": "1130",
        "addr:street": "Rotenberggasse",
        "at_bev:addr_date": "2017-10-01",
        "building": "retail",
        "source": "wien.at",
        "osm_id": "way/202811733"
      },
      "geometry": {
        "type": "Polygon",
        "coordinates": [
          [
            [
              16.2731517,
              48.1780554
            ],
            [
              16.2733869,
              48.178041
            ],
            [
              16.2734745,
              48.1780356
            ],
            [
              16.2734669,
              48.1779808
            ],
            [
              16.2732993,
              48.177991
            ],
            [
              16.2732857,
              48.1778921
            ],
            [
              16.2731306,
              48.1779016
            ],
            [
              16.2731517,
              48.1780554
            ]
          ]
        ]
      }
    },
    {
      "type": "Feature",
      "id": "way/202811734",
      "properties": {
        "addr:city": "Wien",
        "addr:housenumber": "46",
        "addr:postcode": "1130",
        "addr:street": "Veitingergasse",
        "building": "yes",
        "wikidata": "Q116166778",
        "osm_id": "way/202811734"
      },
      "geometry": {
        "type": "Polygon",
        "coordinates": [
          [
            [
              16.2758898,
              48.1796788
            ],
            [
              16.2757204,
              48.1797021
            ],
            [
              16.2757569,
              48.1798201
            ],
            [
              16.2759572,
              48.1797925
            ],
            [
              16.2759363,
              48.1797248
            ],
            [
              16.2759053,
              48.179729
            ],
            [
              16.275893,
              48.1796894
            ],
            [
              16.2758898,
              48.1796788
            ]
          ]
        ]
      }
    },
    {
      "type": "Feature",
      "id": "way/202811735",
      "properties": {
        "addr:city": "Wien",
        "addr:country": "AT",
        "addr:housenumber": "52",
        "addr:postcode": "1130",
        "addr:street": "Gobergasse",
        "at_bev:addr_date": "2017-10-01",
        "building": "apartments",
        "source": "wien.at",
        "osm_id": "way/202811735"
      },
      "geometry": {
        "type": "Polygon",
        "coordinates": [
          [
            [
              16.2721865,
              48.1793009
            ],
            [
              16.2722675,
              48.179291
            ],
            [
              16.2722584,
              48.1792579
            ],
            [
              16.2723246,
              48.1792498
            ],
            [
              16.2722904,
              48.1791252
            ],
            [
              16.2721432,
              48.1791432
            ],
            [
              16.2721802,
              48.179278
            ],
            [
              16.2721865,
              48.1793009
            ]
          ]
        ]
      }
    },
    {
      "type": "Feature",
      "id": "way/202811737",
      "properties": {
        "addr:city": "Wien",
        "addr:country": "AT",
        "addr:housenumber": "26",
        "addr:postcode": "1130",
        "addr:street": "Jagdschloßgasse",
        "at_bev:addr_date": "2017-10-01",
        "building": "yes",
        "source": "wien.at",
        "osm_id": "way/202811737"
      },
      "geometry": {
        "type": "Polygon",
        "coordinates": [
          [
            [
              16.274824,
              48.1776493
            ],
            [
              16.2748623,
              48.1776466
            ],
            [
              16.2748642,
              48.1776587
            ],
            [
              16.2750722,
              48.1776437
            ],
            [
              16.275062,
              48.1775811
            ],
            [
              16.2750389,
              48.1775827
            ],
            [
              16.2750301,
              48.1775286
            ],
            [
              16.274845,
              48.1775419
            ],
            [
              16.2748491,
              48.1775674
            ],
            [
              16.2748111,
              48.1775701
            ],
            [
              16.274824,
              48.1776493
            ]
          ]
        ]
      }
    },
    {
      "type": "Feature",
      "id": "way/202811738",
      "properties": {
        "addr:city": "Wien",
        "addr:country": "AT",
        "addr:housenumber": "67",
        "addr:postcode": "1130",
        "addr:street": "Veitingergasse",
        "at_bev:addr_date": "2017-10-01",
        "building": "yes",
        "source": "wien.at",
        "osm_id": "way/202811738"
      },
      "geometry": {
        "type": "Polygon",
        "coordinates": [
          [
            [
              16.2710588,
              48.1800787
            ],
            [
              16.2713116,
              48.1800504
            ],
            [
              16.2713031,
              48.1800165
            ],
            [
              16.2712692,
              48.1800204
            ],
            [
              16.271266,
              48.179991
            ],
            [
              16.2711136,
              48.1800079
            ],
            [
              16.2711062,
              48.1800072
            ],
            [
              16.2711132,
              48.1800346
            ],
            [
              16.2710504,
              48.1800449
            ],
            [
              16.2710588,
              48.1800787
            ]
          ]
        ]
      }
    },
    {
      "type": "Feature",
      "id": "way/202811739",
      "properties": {
        "addr:city": "Wien",
        "addr:country": "AT",
        "addr:housenumber": "28",
        "addr:postcode": "1130",
        "addr:street": "Jagdschloßgasse",
        "at_bev:addr_date": "2017-10-01",
        "building": "detached",
        "source": "wien.at",
        "osm_id": "way/202811739"
      },
      "geometry": {
        "type": "Polygon",
        "coordinates": [
          [
            [
              16.2744899,
              48.1777145
            ],
            [
              16.2744659,
              48.1775578
            ],
            [
              16.2745909,
              48.1775493
            ],
            [
              16.2746001,
              48.1776092
            ],
            [
              16.2745852,
              48.1776102
            ],
            [
              16.2745884,
              48.1776315
            ],
            [
              16.2746207,
              48.1776293
            ],
            [
              16.274626,
              48.1776636
            ],
            [
              16.2746091,
              48.1776648
            ],
            [
              16.2746154,
              48.1777059
            ],
            [
              16.2744899,
              48.1777145
            ]
          ]
        ]
      }
    },
    {
      "type": "Feature",
      "id": "way/202811743",
      "properties": {
        "addr:city": "Wien",
        "addr:country": "AT",
        "addr:housenumber": "12",
        "addr:postcode": "1130",
        "addr:street": "Rotenberggasse",
        "building": "apartments",
        "source": "wien.at",
        "osm_id": "way/202811743"
      },
      "geometry": {
        "type": "Polygon",
        "coordinates": [
          [
            [
              16.2732654,
              48.1786712
            ],
            [
              16.2732912,
              48.1788434
            ],
            [
              16.2733729,
              48.1788383
            ],
            [
              16.2734867,
              48.1788188
            ],
            [
              16.2734778,
              48.1787635
            ],
            [
              16.2735125,
              48.1787583
            ],
            [
              16.2734983,
              48.1786532
            ],
            [
              16.2732654,
              48.1786712
            ]
          ]
        ]
      }
    },
    {
      "type": "Feature",
      "id": "way/202811745",
      "properties": {
        "addr:city": "Wien",
        "addr:country": "AT",
        "addr:housenumber": "2C",
        "addr:postcode": "1130",
        "addr:street": "Josef-Gangl-Gasse",
        "at_bev:addr_date": "2017-10-01",
        "building": "yes",
        "source": "wien.at",
        "osm_id": "way/202811745"
      },
      "geometry": {
        "type": "Polygon",
        "coordinates": [
          [
            [
              16.2712082,
              48.1808439
            ],
            [
              16.2711863,
              48.1808295
            ],
            [
              16.2711356,
              48.180864
            ],
            [
              16.271262,
              48.1809466
            ],
            [
              16.2712697,
              48.1809414
            ],
            [
              16.2713131,
              48.1809102
            ],
            [
              16.2714245,
              48.1808359
            ],
            [
              16.2713203,
              48.1807677
            ],
            [
              16.2712082,
              48.1808439
            ]
          ]
        ]
      }
    },
    {
      "type": "Feature",
      "id": "way/202811747",
      "properties": {
        "addr:city": "Wien",
        "addr:country": "AT",
        "addr:housenumber": "7",
        "addr:postcode": "1130",
        "addr:street": "Ratmannsdorfgasse",
        "at_bev:addr_date": "2017-10-01",
        "building": "yes",
        "source": "wien.at",
        "osm_id": "way/202811747"
      },
      "geometry": {
        "type": "Polygon",
        "coordinates": [
          [
            [
              16.2756856,
              48.1777572
            ],
            [
              16.2758049,
              48.1777496
            ],
            [
              16.2758015,
              48.1777257
            ],
            [
              16.2758112,
              48.1777251
            ],
            [
              16.2757999,
              48.1776464
            ],
            [
              16.2757828,
              48.1776475
            ],
            [
              16.275779,
              48.177621
            ],
            [
              16.2756863,
              48.177627
            ],
            [
              16.2756903,
              48.1776545
            ],
            [
              16.2756412,
              48.1776576
            ],
            [
              16.2756504,
              48.1777214
            ],
            [
              16.2756802,
              48.1777195
            ],
            [
              16.2756856,
              48.1777572
            ]
          ]
        ]
      }
    },
    {
      "type": "Feature",
      "id": "way/202811748",
      "properties": {
        "addr:city": "Wien",
        "addr:country": "AT",
        "addr:housenumber": "9",
        "addr:postcode": "1130",
        "addr:street": "Ratmannsdorfgasse",
        "at_bev:addr_date": "2017-10-01",
        "building": "yes",
        "source": "wien.at",
        "osm_id": "way/202811748"
      },
      "geometry": {
        "type": "Polygon",
        "coordinates": [
          [
            [
              16.2753433,
              48.1778535
            ],
            [
              16.2753491,
              48.1778985
            ],
            [
              16.2753365,
              48.1778992
            ],
            [
              16.2753486,
              48.1779932
            ],
            [
              16.2755037,
              48.1779843
            ],
            [
              16.2754915,
              48.1778902
            ],
            [
              16.275444,
              48.177893
            ],
            [
              16.2754382,
              48.177848
            ],
            [
              16.2753433,
              48.1778535
            ]
          ]
        ]
      }
    },
    {
      "type": "Feature",
      "id": "way/202811752",
      "properties": {
        "building": "yes",
        "source": "wien.at",
        "osm_id": "way/202811752"
      },
      "geometry": {
        "type": "Polygon",
        "coordinates": [
          [
            [
              16.2712849,
              48.1809842
            ],
            [
              16.2713754,
              48.1810464
            ],
            [
              16.2713966,
              48.1810601
            ],
            [
              16.2714269,
              48.1810393
            ],
            [
              16.2714639,
              48.1810633
            ],
            [
              16.2715074,
              48.1810335
            ],
            [
              16.2713131,
              48.1809102
            ],
            [
              16.2712697,
              48.1809414
            ],
            [
              16.2713104,
              48.1809678
            ],
            [
              16.2712849,
              48.1809842
            ]
          ]
        ]
      }
    },
    {
      "type": "Feature",
      "id": "way/202815589",
      "properties": {
        "building": "yes",
        "source": "wien.at",
        "osm_id": "way/202815589"
      },
      "geometry": {
        "type": "Polygon",
        "coordinates": [
          [
            [
              16.2765684,
              48.1775221
            ],
            [
              16.2764436,
              48.1775293
            ],
            [
              16.2764603,
              48.1775564
            ],
            [
              16.2765286,
              48.1775537
            ],
            [
              16.2765326,
              48.177562
            ],
            [
              16.2766565,
              48.1775351
            ],
            [
              16.2766514,
              48.1774766
            ],
            [
              16.2765948,
              48.1774788
            ],
            [
              16.2765884,
              48.1774201
            ],
            [
              16.2765553,
              48.1774222
            ],
            [
              16.2765684,
              48.1775221
            ]
          ]
        ]
      }
    },
    {
      "type": "Feature",
      "id": "way/202815590",
      "properties": {
        "addr:city": "Wien",
        "addr:country": "AT",
        "addr:housenumber": "145",
        "addr:postcode": "1130",
        "addr:street": "Faistauergasse",
        "building": "detached",
        "source": "wien.at",
        "osm_id": "way/202815590"
      },
      "geometry": {
        "type": "Polygon",
        "coordinates": [
          [
            [
              16.2754751,
              48.1771035
            ],
            [
              16.2756789,
              48.1770894
            ],
            [
              16.275674,
              48.1770582
            ],
            [
              16.2756901,
              48.1770571
            ],
            [
              16.2756866,
              48.1770346
            ],
            [
              16.2756705,
              48.1770357
            ],
            [
              16.275661,
              48.1769743
            ],
            [
              16.275631,
              48.1769764
            ],
            [
              16.2756295,
              48.1769664
            ],
            [
              16.2755236,
              48.1769737
            ],
            [
              16.2755251,
              48.1769838
            ],
            [
              16.2754572,
              48.1769884
            ],
            [
              16.2754751,
              48.1771035
            ]
          ]
        ]
      }
    },
    {
      "type": "Feature",
      "id": "way/202815591",
      "properties": {
        "addr:city": "Wien",
        "addr:country": "AT",
        "addr:housenumber": "172",
        "addr:postcode": "1130",
        "addr:street": "Wolkersbergenstraße",
        "building": "apartments",
        "building:levels": "3",
        "roof:levels": "1",
        "source": "wien.at",
        "osm_id": "way/202815591"
      },
      "geometry": {
        "type": "Polygon",
        "coordinates": [
          [
            [
              16.2731107,
              48.1773309
            ],
            [
              16.2731164,
              48.1773722
            ],
            [
              16.2732647,
              48.1773632
            ],
            [
              16.273259,
              48.1773214
            ],
            [
              16.2732816,
              48.17732
            ],
            [
              16.2732652,
              48.1771999
            ],
            [
              16.2732625,
              48.1772
            ],
            [
              16.2732564,
              48.1771553
            ],
            [
              16.273083,
              48.1771658
            ],
            [
              16.2730892,
              48.1772111
            ],
            [
              16.2730743,
              48.177212
            ],
            [
              16.2730804,
              48.1772566
            ],
            [
              16.2730671,
              48.1772574
            ],
            [
              16.2730721,
              48.1772944
            ],
            [
              16.273086,
              48.1772936
            ],
            [
              16.2730912,
              48.1773321
            ],
            [
              16.2731107,
              48.1773309
            ]
          ]
        ]
      }
    },
    {
      "type": "Feature",
      "id": "way/202815593",
      "properties": {
        "addr:city": "Wien",
        "addr:country": "AT",
        "addr:housenumber": "2",
        "addr:postcode": "1130",
        "addr:street": "Ratmannsdorfgasse",
        "at_bev:addr_date": "2017-10-01",
        "building": "yes",
        "source": "wien.at",
        "osm_id": "way/202815593"
      },
      "geometry": {
        "type": "Polygon",
        "coordinates": [
          [
            [
              16.2760307,
              48.1775675
            ],
            [
              16.2762053,
              48.177553
            ],
            [
              16.2761847,
              48.1774428
            ],
            [
              16.2760102,
              48.1774573
            ],
            [
              16.2760307,
              48.1775675
            ]
          ]
        ]
      }
    },
    {
      "type": "Feature",
      "id": "way/202815595",
      "properties": {
        "addr:city": "Wien",
        "addr:country": "AT",
        "addr:housenumber": "38",
        "addr:postcode": "1130",
        "addr:street": "Wilhelm-Leibl-Gasse",
        "building": "house",
        "building:levels": "2",
        "roof:levels": "1",
        "source": "wien.at",
        "osm_id": "way/202815595"
      },
      "geometry": {
        "type": "Polygon",
        "coordinates": [
          [
            [
              16.2746559,
              48.1764149
            ],
            [
              16.2746914,
              48.1764219
            ],
            [
              16.2746844,
              48.1764397
            ],
            [
              16.2747134,
              48.176445
            ],
            [
              16.2746944,
              48.1764983
            ],
            [
              16.2746822,
              48.1765338
            ],
            [
              16.2746113,
              48.1765207
            ],
            [
              16.2746267,
              48.1764853
            ],
            [
              16.2746559,
              48.1764149
            ]
          ]
        ]
      }
    },
    {
      "type": "Feature",
      "id": "way/202815596",
      "properties": {
        "building": "detached",
        "source": "wien.at",
        "osm_id": "way/202815596"
      },
      "geometry": {
        "type": "Polygon",
        "coordinates": [
          [
            [
              16.2761508,
              48.1782508
            ],
            [
              16.276219,
              48.1782469
            ],
            [
              16.2762058,
              48.1781437
            ],
            [
              16.2761377,
              48.1781475
            ],
            [
              16.2761508,
              48.1782508
            ]
          ]
        ]
      }
    },
    {
      "type": "Feature",
      "id": "way/202815598",
      "properties": {
        "addr:city": "Wien",
        "addr:country": "AT",
        "addr:housenumber": "63",
        "addr:postcode": "1130",
        "addr:street": "Jagdschloßgasse",
        "at_bev:addr_date": "2017-10-01",
        "building": "detached",
        "source": "wien.at",
        "osm_id": "way/202815598"
      },
      "geometry": {
        "type": "Polygon",
        "coordinates": [
          [
            [
              16.2713241,
              48.1775559
            ],
            [
              16.2714592,
              48.1775559
            ],
            [
              16.2714592,
              48.1774765
            ],
            [
              16.2713241,
              48.1774765
            ],
            [
              16.2713241,
              48.1775559
            ]
          ]
        ]
      }
    },
    {
      "type": "Feature",
      "id": "way/202815602",
      "properties": {
        "building": "house",
        "source": "wien.at",
        "osm_id": "way/202815602"
      },
      "geometry": {
        "type": "Polygon",
        "coordinates": [
          [
            [
              16.2767437,
              48.1775512
            ],
            [
              16.2769702,
              48.1775355
            ],
            [
              16.2769472,
              48.1773883
            ],
            [
              16.2767207,
              48.177404
            ],
            [
              16.2767437,
              48.1775512
            ]
          ]
        ]
      }
    },
    {
      "type": "Feature",
      "id": "way/202815603",
      "properties": {
        "building": "yes",
        "source": "wien.at",
        "osm_id": "way/202815603"
      },
      "geometry": {
        "type": "Polygon",
        "coordinates": [
          [
            [
              16.2766626,
              48.1783607
            ],
            [
              16.2768446,
              48.1783375
            ],
            [
              16.2768112,
              48.1782206
            ],
            [
              16.2766976,
              48.178235
            ],
            [
              16.2767056,
              48.1782632
            ],
            [
              16.2765992,
              48.1782767
            ],
            [
              16.2766188,
              48.1783454
            ],
            [
              16.2766569,
              48.1783406
            ],
            [
              16.2766626,
              48.1783607
            ]
          ]
        ]
      }
    },
    {
      "type": "Feature",
      "id": "way/202815604",
      "properties": {
        "addr:city": "Wien",
        "addr:country": "AT",
        "addr:housenumber": "136",
        "addr:postcode": "1130",
        "addr:street": "Faistauergasse",
        "at_bev:addr_date": "2017-10-01",
        "building": "yes",
        "source": "wien.at",
        "osm_id": "way/202815604"
      },
      "geometry": {
        "type": "Polygon",
        "coordinates": [
          [
            [
              16.2760151,
              48.1768271
            ],
            [
              16.2761441,
              48.1768257
            ],
            [
              16.2761423,
              48.1767496
            ],
            [
              16.2760132,
              48.1767509
            ],
            [
              16.2760151,
              48.1768271
            ]
          ]
        ]
      }
    },
    {
      "type": "Feature",
      "id": "way/202815606",
      "properties": {
        "building": "yes",
        "source": "wien.at",
        "osm_id": "way/202815606"
      },
      "geometry": {
        "type": "Polygon",
        "coordinates": [
          [
            [
              16.2706367,
              48.1770084
            ],
            [
              16.2706519,
              48.1769617
            ],
            [
              16.2706255,
              48.1769578
            ],
            [
              16.2706103,
              48.1770045
            ],
            [
              16.2706367,
              48.1770084
            ]
          ]
        ]
      }
    },
    {
      "type": "Feature",
      "id": "way/202815607",
      "properties": {
        "addr:city": "Wien",
        "addr:country": "AT",
        "addr:housenumber": "28",
        "addr:postcode": "1130",
        "addr:street": "Wilhelm-Leibl-Gasse",
        "building": "house",
        "building:levels": "2",
        "roof:levels": "1",
        "source": "wien.at",
        "osm_id": "way/202815607"
      },
      "geometry": {
        "type": "Polygon",
        "coordinates": [
          [
            [
              16.2750368,
              48.176528
            ],
            [
              16.2749677,
              48.1765269
            ],
            [
              16.2749691,
              48.1764717
            ],
            [
              16.2750368,
              48.1764727
            ],
            [
              16.2750368,
              48.176528
            ]
          ]
        ]
      }
    },
    {
      "type": "Feature",
      "id": "way/202815610",
      "properties": {
        "addr:city": "Wien",
        "addr:country": "AT",
        "addr:housenumber": "6",
        "addr:postcode": "1130",
        "addr:street": "Löfflergasse",
        "at_bev:addr_date": "2017-10-01",
        "building": "yes",
        "source": "wien.at",
        "osm_id": "way/202815610"
      },
      "geometry": {
        "type": "Polygon",
        "coordinates": [
          [
            [
              16.2706485,
              48.1766188
            ],
            [
              16.2707272,
              48.1765482
            ],
            [
              16.270631,
              48.1765005
            ],
            [
              16.2705523,
              48.1765711
            ],
            [
              16.2706485,
              48.1766188
            ]
          ]
        ]
      }
    },
    {
      "type": "Feature",
      "id": "way/202815615",
      "properties": {
        "addr:city": "Wien",
        "addr:country": "AT",
        "addr:housenumber": "43",
        "addr:postcode": "1130",
        "addr:street": "Jagdschloßgasse",
        "building": "apartments",
        "source": "wien.at",
        "osm_id": "way/202815615"
      },
      "geometry": {
        "type": "Polygon",
        "coordinates": [
          [
            [
              16.275101,
              48.1773174
            ],
            [
              16.2752221,
              48.1773097
            ],
            [
              16.2752059,
              48.1771973
            ],
            [
              16.2750848,
              48.1772051
            ],
            [
              16.275101,
              48.1773174
            ]
          ]
        ]
      }
    },
    {
      "type": "Feature",
      "id": "way/202815617",
      "properties": {
        "addr:city": "Wien",
        "addr:country": "AT",
        "addr:housenumber": "46",
        "addr:postcode": "1130",
        "addr:street": "Wilhelm-Leibl-Gasse",
        "building": "house",
        "building:levels": "2",
        "roof:levels": "1",
        "source": "wien.at",
        "osm_id": "way/202815617"
      },
      "geometry": {
        "type": "Polygon",
        "coordinates": [
          [
            [
              16.2743983,
              48.1763728
            ],
            [
              16.2744593,
              48.1763902
            ],
            [
              16.2744283,
              48.1764411
            ],
            [
              16.2744105,
              48.1764726
            ],
            [
              16.2743431,
              48.1764543
            ],
            [
              16.2743983,
              48.1763728
            ]
          ]
        ]
      }
    },
    {
      "type": "Feature",
      "id": "way/202815619",
      "properties": {
        "addr:city": "Wien",
        "addr:country": "AT",
        "addr:housenumber": "42",
        "addr:postcode": "1130",
        "addr:street": "Wilhelm-Leibl-Gasse",
        "building": "house",
        "building:levels": "2",
        "roof:levels": "1",
        "source": "wien.at",
        "osm_id": "way/202815619"
      },
      "geometry": {
        "type": "Polygon",
        "coordinates": [
          [
            [
              16.274532,
              48.176388
            ],
            [
              16.2745674,
              48.1763969
            ],
            [
              16.2745581,
              48.1764147
            ],
            [
              16.2745826,
              48.1764208
            ],
            [
              16.2745588,
              48.1764721
            ],
            [
              16.2744942,
              48.1764567
            ],
            [
              16.274532,
              48.176388
            ]
          ]
        ]
      }
    },
    {
      "type": "Feature",
      "id": "way/202815624",
      "properties": {
        "addr:city": "Wien",
        "addr:country": "AT",
        "addr:housenumber": "2",
        "addr:postcode": "1130",
        "addr:street": "Joseph-Lister-Gasse",
        "at_bev:addr_date": "2017-10-01",
        "building": "detached",
        "source": "wien.at",
        "osm_id": "way/202815624"
      },
      "geometry": {
        "type": "Polygon",
        "coordinates": [
          [
            [
              16.2708492,
              48.1774848
            ],
            [
              16.2709917,
              48.1774904
            ],
            [
              16.2710031,
              48.177361
            ],
            [
              16.2708606,
              48.1773554
            ],
            [
              16.2708492,
              48.1774848
            ]
          ]
        ]
      }
    },
    {
      "type": "Feature",
      "id": "way/202815625",
      "properties": {
        "addr:city": "Wien",
        "addr:country": "AT",
        "addr:housenumber": "54",
        "addr:postcode": "1130",
        "addr:street": "Wilhelm-Leibl-Gasse",
        "building": "house",
        "building:levels": "2",
        "roof:levels": "1",
        "source": "wien.at",
        "osm_id": "way/202815625"
      },
      "geometry": {
        "type": "Polygon",
        "coordinates": [
          [
            [
              16.27418,
              48.1762715
            ],
            [
              16.2742137,
              48.1762861
            ],
            [
              16.2741983,
              48.1763013
            ],
            [
              16.2742205,
              48.1763105
            ],
            [
              16.2741491,
              48.1763872
            ],
            [
              16.2740933,
              48.176365
            ],
            [
              16.2740963,
              48.1763621
            ],
            [
              16.27418,
              48.1762715
            ]
          ]
        ]
      }
    },
    {
      "type": "Feature",
      "id": "way/202815627",
      "properties": {
        "addr:city": "Wien",
        "addr:country": "AT",
        "addr:housenumber": "8",
        "addr:postcode": "1130",
        "addr:street": "Ratmannsdorfgasse",
        "at_bev:addr_date": "2017-10-01",
        "building": "yes",
        "source": "wien.at",
        "osm_id": "way/202815627"
      },
      "geometry": {
        "type": "Polygon",
        "coordinates": [
          [
            [
              16.2761566,
              48.1780959
            ],
            [
              16.2762603,
              48.1780891
            ],
            [
              16.2762467,
              48.1779966
            ],
            [
              16.276143,
              48.1780034
            ],
            [
              16.2761566,
              48.1780959
            ]
          ]
        ]
      }
    },
    {
      "type": "Feature",
      "id": "way/202815628",
      "properties": {
        "addr:city": "Wien",
        "addr:country": "AT",
        "addr:housenumber": "11",
        "addr:postcode": "1130",
        "addr:street": "Joseph-Lister-Gasse",
        "at_bev:addr_date": "2017-10-01",
        "building": "detached",
        "source": "wien.at",
        "osm_id": "way/202815628"
      },
      "geometry": {
        "type": "Polygon",
        "coordinates": [
          [
            [
              16.2713553,
              48.1768263
            ],
            [
              16.2715152,
              48.1768324
            ],
            [
              16.2715231,
              48.1767405
            ],
            [
              16.2713632,
              48.1767344
            ],
            [
              16.2713553,
              48.1768263
            ]
          ]
        ]
      }
    },
    {
      "type": "Feature",
      "id": "way/202815631",
      "properties": {
        "addr:city": "Wien",
        "addr:country": "AT",
        "addr:housenumber": "30",
        "addr:postcode": "1130",
        "addr:street": "Wilhelm-Leibl-Gasse",
        "building": "house",
        "building:levels": "2",
        "roof:levels": "1",
        "source": "wien.at",
        "osm_id": "way/202815631"
      },
      "geometry": {
        "type": "Polygon",
        "coordinates": [
          [
            [
              16.2749081,
              48.1764486
            ],
            [
              16.2749469,
              48.1764516
            ],
            [
              16.2749442,
              48.1764699
            ],
            [
              16.2749691,
              48.1764717
            ],
            [
              16.2749677,
              48.1765269
            ],
            [
              16.2749667,
              48.1765621
            ],
            [
              16.2748936,
              48.1765578
            ],
            [
              16.2748975,
              48.1765218
            ],
            [
              16.2749081,
              48.1764486
            ]
          ]
        ]
      }
    },
    {
      "type": "Feature",
      "id": "way/202815633",
      "properties": {
        "addr:city": "Wien",
        "addr:country": "AT",
        "addr:housenumber": "23",
        "addr:postcode": "1130",
        "addr:street": "Gobergasse",
        "at_bev:addr_date": "2017-10-01",
        "building": "detached",
        "source": "wien.at",
        "osm_id": "way/202815633"
      },
      "geometry": {
        "type": "Polygon",
        "coordinates": [
          [
            [
              16.2762078,
              48.1784251
            ],
            [
              16.2763188,
              48.1784183
            ],
            [
              16.2763055,
              48.1783225
            ],
            [
              16.2761945,
              48.1783294
            ],
            [
              16.2762078,
              48.1784251
            ]
          ]
        ]
      }
    },
    {
      "type": "Feature",
      "id": "way/202815634",
      "properties": {
        "addr:city": "Wien",
        "addr:country": "AT",
        "addr:housenumber": "61",
        "addr:postcode": "1130",
        "addr:street": "Jagdschloßgasse",
        "at_bev:addr_date": "2017-10-01",
        "building": "detached",
        "source": "wien.at",
        "osm_id": "way/202815634"
      },
      "geometry": {
        "type": "Polygon",
        "coordinates": [
          [
            [
              16.2715641,
              48.1775546
            ],
            [
              16.2717134,
              48.1775579
            ],
            [
              16.2717183,
              48.1774608
            ],
            [
              16.271569,
              48.1774574
            ],
            [
              16.2715641,
              48.1775546
            ]
          ]
        ]
      }
    },
    {
      "type": "Feature",
      "id": "way/202815635",
      "properties": {
        "addr:city": "Wien",
        "addr:country": "AT",
        "addr:housenumber": "8",
        "addr:postcode": "1130",
        "addr:street": "Joseph-Lister-Gasse",
        "at_bev:addr_date": "2017-10-01",
        "building": "detached",
        "source": "wien.at",
        "osm_id": "way/202815635"
      },
      "geometry": {
        "type": "Polygon",
        "coordinates": [
          [
            [
              16.2708576,
              48.1769594
            ],
            [
              16.2710432,
              48.1769668
            ],
            [
              16.2710491,
              48.1769009
            ],
            [
              16.2708635,
              48.1768935
            ],
            [
              16.2708576,
              48.1769594
            ]
          ]
        ]
      }
    },
    {
      "type": "Feature",
      "id": "way/202815637",
      "properties": {
        "addr:city": "Wien",
        "addr:country": "AT",
        "addr:housenumber": "50",
        "addr:postcode": "1130",
        "addr:street": "Wilhelm-Leibl-Gasse",
        "building": "house",
        "building:levels": "2",
        "roof:levels": "1",
        "source": "wien.at",
        "osm_id": "way/202815637"
      },
      "geometry": {
        "type": "Polygon",
        "coordinates": [
          [
            [
              16.2742968,
              48.1763172
            ],
            [
              16.2743304,
              48.1763299
            ],
            [
              16.2743164,
              48.1763452
            ],
            [
              16.2743436,
              48.1763551
            ],
            [
              16.2742804,
              48.176433
            ],
            [
              16.2742782,
              48.1764363
            ],
            [
              16.2742133,
              48.1764128
            ],
            [
              16.2742968,
              48.1763172
            ]
          ]
        ]
      }
    },
    {
      "type": "Feature",
      "id": "way/202815642",
      "properties": {
        "addr:city": "Wien",
        "addr:country": "AT",
        "addr:housenumber": "49",
        "addr:postcode": "1130",
        "addr:street": "Jagdschloßgasse",
        "building": "detached",
        "source": "wien.at",
        "osm_id": "way/202815642"
      },
      "geometry": {
        "type": "Polygon",
        "coordinates": [
          [
            [
              16.2742998,
              48.1772702
            ],
            [
              16.2743209,
              48.1773918
            ],
            [
              16.2744773,
              48.1773797
            ],
            [
              16.2744561,
              48.1772581
            ],
            [
              16.2742998,
              48.1772702
            ]
          ]
        ]
      }
    },
    {
      "type": "Feature",
      "id": "way/202815643",
      "properties": {
        "building": "house",
        "osm_id": "way/202815643"
      },
      "geometry": {
        "type": "Polygon",
        "coordinates": [
          [
            [
              16.2769085,
              48.1783281
            ],
            [
              16.2771082,
              48.1783025
            ],
            [
              16.2770679,
              48.178163
            ],
            [
              16.2768682,
              48.1781887
            ],
            [
              16.2769085,
              48.1783281
            ]
          ]
        ]
      }
    },
    {
      "type": "Feature",
      "id": "way/202815644",
      "properties": {
        "addr:city": "Wien",
        "addr:country": "AT",
        "addr:housenumber": "13",
        "addr:postcode": "1130",
        "addr:street": "Joseph-Lister-Gasse",
        "at_bev:addr_date": "2017-10-01",
        "building": "detached",
        "source": "wien.at",
        "osm_id": "way/202815644"
      },
      "geometry": {
        "type": "Polygon",
        "coordinates": [
          [
            [
              16.2713895,
              48.1766772
            ],
            [
              16.2715168,
              48.176683
            ],
            [
              16.2715171,
              48.1766802
            ],
            [
              16.2715542,
              48.1766819
            ],
            [
              16.2715607,
              48.1766196
            ],
            [
              16.2715236,
              48.1766179
            ],
            [
              16.2715241,
              48.1766124
            ],
            [
              16.2713968,
              48.1766066
            ],
            [
              16.2713895,
              48.1766772
            ]
          ]
        ]
      }
    },
    {
      "type": "Feature",
      "id": "way/202815645",
      "properties": {
        "addr:city": "Wien",
        "addr:country": "AT",
        "addr:housenumber": "12-14",
        "addr:postcode": "1130",
        "addr:street": "Wilhelm-Leibl-Gasse",
        "at_bev:addr_date": "2017-10-01",
        "building": "apartments",
        "source": "wien.at",
        "osm_id": "way/202815645"
      },
      "geometry": {
        "type": "Polygon",
        "coordinates": [
          [
            [
              16.2763042,
              48.1766866
            ],
            [
              16.2763815,
              48.1766793
            ],
            [
              16.2763755,
              48.176651
            ],
            [
              16.2764179,
              48.176647
            ],
            [
              16.2764239,
              48.1766753
            ],
            [
              16.2765448,
              48.1766639
            ],
            [
              16.2765091,
              48.1764957
            ],
            [
              16.2762685,
              48.1765184
            ],
            [
              16.2763042,
              48.1766866
            ]
          ]
        ]
      }
    },
    {
      "type": "Feature",
      "id": "way/202815647",
      "properties": {
        "addr:city": "Wien",
        "addr:country": "AT",
        "addr:housenumber": "45",
        "addr:postcode": "1130",
        "addr:street": "Jagdschloßgasse",
        "building": "detached",
        "source": "wien.at",
        "osm_id": "way/202815647"
      },
      "geometry": {
        "type": "Polygon",
        "coordinates": [
          [
            [
              16.2748376,
              48.1773416
            ],
            [
              16.2750192,
              48.1773289
            ],
            [
              16.2750032,
              48.1772277
            ],
            [
              16.2748216,
              48.1772405
            ],
            [
              16.2748376,
              48.1773416
            ]
          ]
        ]
      }
    },
    {
      "type": "Feature",
      "id": "way/202815651",
      "properties": {
        "addr:city": "Wien",
        "addr:country": "AT",
        "addr:housenumber": "4",
        "addr:postcode": "1130",
        "addr:street": "Löfflergasse",
        "at_bev:addr_date": "2017-10-01",
        "building": "yes",
        "source": "wien.at",
        "osm_id": "way/202815651"
      },
      "geometry": {
        "type": "Polygon",
        "coordinates": [
          [
            [
              16.2707958,
              48.176711
            ],
            [
              16.2709027,
              48.176641
            ],
            [
              16.2708105,
              48.1765783
            ],
            [
              16.2707036,
              48.1766483
            ],
            [
              16.2707958,
              48.176711
            ]
          ]
        ]
      }
    },
    {
      "type": "Feature",
      "id": "way/202815656",
      "properties": {
        "building": "house",
        "source": "wien.at",
        "osm_id": "way/202815656"
      },
      "geometry": {
        "type": "Polygon",
        "coordinates": [
          [
            [
              16.2764521,
              48.1772435
            ],
            [
              16.2765079,
              48.17724
            ],
            [
              16.2765113,
              48.1772489
            ],
            [
              16.2765718,
              48.1772449
            ],
            [
              16.2765698,
              48.1772351
            ],
            [
              16.27662,
              48.1772321
            ],
            [
              16.2766014,
              48.1771002
            ],
            [
              16.2765508,
              48.1771035
            ],
            [
              16.2765478,
              48.1770914
            ],
            [
              16.2765359,
              48.1770825
            ],
            [
              16.2764953,
              48.1770847
            ],
            [
              16.276482,
              48.1770954
            ],
            [
              16.276482,
              48.1771079
            ],
            [
              16.2764308,
              48.1771112
            ],
            [
              16.2764521,
              48.1772435
            ]
          ]
        ]
      }
    },
    {
      "type": "Feature",
      "id": "way/202815660",
      "properties": {
        "addr:city": "Wien",
        "addr:country": "AT",
        "addr:housenumber": "3",
        "addr:postcode": "1130",
        "addr:street": "Wlassakstraße",
        "at_bev:addr_date": "2017-10-01",
        "building": "yes",
        "source": "wien.at",
        "osm_id": "way/202815660"
      },
      "geometry": {
        "type": "Polygon",
        "coordinates": [
          [
            [
              16.2704911,
              48.1774372
            ],
            [
              16.2706281,
              48.1774591
            ],
            [
              16.2706721,
              48.1773367
            ],
            [
              16.2705351,
              48.1773148
            ],
            [
              16.2704911,
              48.1774372
            ]
          ]
        ]
      }
    },
    {
      "type": "Feature",
      "id": "way/202815664",
      "properties": {
        "addr:city": "Wien",
        "addr:country": "AT",
        "addr:housenumber": "34",
        "addr:postcode": "1130",
        "addr:street": "Wilhelm-Leibl-Gasse",
        "building": "house",
        "building:levels": "2",
        "roof:levels": "1",
        "source": "wien.at",
        "osm_id": "way/202815664"
      },
      "geometry": {
        "type": "Polygon",
        "coordinates": [
          [
            [
              16.2747839,
              48.1764381
            ],
            [
              16.2748182,
              48.1764425
            ],
            [
              16.2748131,
              48.1764589
            ],
            [
              16.2748387,
              48.1764625
            ],
            [
              16.2748289,
              48.1765167
            ],
            [
              16.2748229,
              48.1765518
            ],
            [
              16.2747518,
              48.1765422
            ],
            [
              16.2747617,
              48.1765077
            ],
            [
              16.2747839,
              48.1764381
            ]
          ]
        ]
      }
    },
    {
      "type": "Feature",
      "id": "way/202815665",
      "properties": {
        "addr:city": "Wien",
        "addr:country": "AT",
        "addr:housenumber": "4",
        "addr:postcode": "1130",
        "addr:street": "Ratmannsdorfgasse",
        "at_bev:addr_date": "2017-10-01",
        "building": "yes",
        "source": "wien.at",
        "osm_id": "way/202815665"
      },
      "geometry": {
        "type": "Polygon",
        "coordinates": [
          [
            [
              16.2760895,
              48.1777444
            ],
            [
              16.2762283,
              48.1777347
            ],
            [
              16.2762123,
              48.1776315
            ],
            [
              16.2760734,
              48.1776411
            ],
            [
              16.2760895,
              48.1777444
            ]
          ]
        ]
      }
    },
    {
      "type": "Feature",
      "id": "way/202815666",
      "properties": {
        "addr:city": "Wien",
        "addr:country": "AT",
        "addr:housenumber": "9",
        "addr:postcode": "1130",
        "addr:street": "Joseph-Lister-Gasse",
        "at_bev:addr_date": "2017-10-01",
        "building": "detached",
        "source": "wien.at",
        "osm_id": "way/202815666"
      },
      "geometry": {
        "type": "Polygon",
        "coordinates": [
          [
            [
              16.2713651,
              48.1769751
            ],
            [
              16.2715144,
              48.1769792
            ],
            [
              16.2715205,
              48.1768785
            ],
            [
              16.2713712,
              48.1768745
            ],
            [
              16.2713651,
              48.1769751
            ]
          ]
        ]
      }
    },
    {
      "type": "Feature",
      "id": "way/202815668",
      "properties": {
        "addr:housenumber": "20",
        "addr:street": "Jagdschloßgasse",
        "building": "detached",
        "source": "wien.at",
        "osm_id": "way/202815668"
      },
      "geometry": {
        "type": "Polygon",
        "coordinates": [
          [
            [
              16.2764015,
              48.1774311
            ],
            [
              16.2764145,
              48.177531
            ],
            [
              16.2764436,
              48.1775293
            ],
            [
              16.2765684,
              48.1775221
            ],
            [
              16.2765553,
              48.1774222
            ],
            [
              16.2764015,
              48.1774311
            ]
          ]
        ]
      }
    },
    {
      "type": "Feature",
      "id": "way/202815671",
      "properties": {
        "addr:city": "Wien",
        "addr:country": "AT",
        "addr:housenumber": "7",
        "addr:postcode": "1130",
        "addr:street": "Joseph-Lister-Gasse",
        "at_bev:addr_date": "2017-10-01",
        "building": "detached",
        "source": "wien.at",
        "wikidata": "Q116171443",
        "osm_id": "way/202815671"
      },
      "geometry": {
        "type": "Polygon",
        "coordinates": [
          [
            [
              16.271373,
              48.1770298
            ],
            [
              16.2713688,
              48.1770811
            ],
            [
              16.2713509,
              48.1770804
            ],
            [
              16.2713467,
              48.177131
            ],
            [
              16.271423,
              48.1771338
            ],
            [
              16.2714236,
              48.177127
            ],
            [
              16.2714869,
              48.1771293
            ],
            [
              16.2714948,
              48.1770343
            ],
            [
              16.271373,
              48.1770298
            ]
          ]
        ]
      }
    },
    {
      "type": "Feature",
      "id": "way/202815674",
      "properties": {
        "addr:city": "Wien",
        "addr:country": "AT",
        "addr:housenumber": "6",
        "addr:postcode": "1130",
        "addr:street": "Ratmannsdorfgasse",
        "at_bev:addr_date": "2017-10-01",
        "building": "yes",
        "source": "wien.at",
        "osm_id": "way/202815674"
      },
      "geometry": {
        "type": "Polygon",
        "coordinates": [
          [
            [
              16.2760863,
              48.1778054
            ],
            [
              16.2760944,
              48.1778615
            ],
            [
              16.2761273,
              48.1778594
            ],
            [
              16.276137,
              48.1779264
            ],
            [
              16.2762206,
              48.1779211
            ],
            [
              16.2762029,
              48.1777979
            ],
            [
              16.2760863,
              48.1778054
            ]
          ]
        ]
      }
    },
    {
      "type": "Feature",
      "id": "way/202815675",
      "properties": {
        "building": "garage",
        "source": "wien.at",
        "osm_id": "way/202815675"
      },
      "geometry": {
        "type": "Polygon",
        "coordinates": [
          [
            [
              16.2742701,
              48.1771986
            ],
            [
              16.2741955,
              48.1772049
            ],
            [
              16.2742076,
              48.1772677
            ],
            [
              16.2742156,
              48.1772671
            ],
            [
              16.2742232,
              48.1773139
            ],
            [
              16.2742912,
              48.1773081
            ],
            [
              16.2742701,
              48.1771986
            ]
          ]
        ]
      }
    },
    {
      "type": "Feature",
      "id": "way/202815676",
      "properties": {
        "addr:city": "Wien",
        "addr:country": "AT",
        "addr:housenumber": "3",
        "addr:postcode": "1130",
        "addr:street": "Joseph-Lister-Gasse",
        "at_bev:addr_date": "2017-10-01",
        "building": "house",
        "source": "wien.at",
        "osm_id": "way/202815676"
      },
      "geometry": {
        "type": "Polygon",
        "coordinates": [
          [
            [
              16.2713465,
              48.1772428
            ],
            [
              16.2714717,
              48.1772473
            ],
            [
              16.2715497,
              48.1772502
            ],
            [
              16.2715447,
              48.1773116
            ],
            [
              16.2713414,
              48.1773042
            ],
            [
              16.2713465,
              48.1772428
            ]
          ]
        ]
      }
    },
    {
      "type": "Feature",
      "id": "way/202815679",
      "properties": {
        "addr:city": "Wien",
        "addr:country": "AT",
        "addr:housenumber": "9",
        "addr:postcode": "1130",
        "addr:street": "Wlassakstraße",
        "at_bev:addr_date": "2017-10-01",
        "building": "yes",
        "source": "wien.at",
        "osm_id": "way/202815679"
      },
      "geometry": {
        "type": "Polygon",
        "coordinates": [
          [
            [
              16.2704526,
              48.1771632
            ],
            [
              16.2705955,
              48.1771839
            ],
            [
              16.270619,
              48.1771118
            ],
            [
              16.2705773,
              48.1771057
            ],
            [
              16.2705736,
              48.1771172
            ],
            [
              16.2704724,
              48.1771025
            ],
            [
              16.2704526,
              48.1771632
            ]
          ]
        ]
      }
    },
    {
      "type": "Feature",
      "id": "way/202815680",
      "properties": {
        "addr:city": "Wien",
        "addr:country": "AT",
        "addr:housenumber": "53",
        "addr:postcode": "1130",
        "addr:street": "Jagdschloßgasse",
        "building": "detached",
        "source": "wien.at",
        "osm_id": "way/202815680"
      },
      "geometry": {
        "type": "Polygon",
        "coordinates": [
          [
            [
              16.2739995,
              48.1774074
            ],
            [
              16.2739812,
              48.1772894
            ],
            [
              16.2738926,
              48.1772955
            ],
            [
              16.2738861,
              48.1772533
            ],
            [
              16.2738765,
              48.1772539
            ],
            [
              16.2738724,
              48.1772278
            ],
            [
              16.2738178,
              48.1772316
            ],
            [
              16.2738219,
              48.1772577
            ],
            [
              16.2738037,
              48.177259
            ],
            [
              16.2738286,
              48.1774192
            ],
            [
              16.2739995,
              48.1774074
            ]
          ]
        ]
      }
    },
    {
      "type": "Feature",
      "id": "way/202815681",
      "properties": {
        "addr:city": "Wien",
        "addr:country": "AT",
        "addr:housenumber": "5",
        "addr:postcode": "1130",
        "addr:street": "Joseph-Lister-Gasse",
        "at_bev:addr_date": "2017-10-01",
        "building": "house",
        "source": "wien.at",
        "osm_id": "way/202815681"
      },
      "geometry": {
        "type": "Polygon",
        "coordinates": [
          [
            [
              16.2713465,
              48.1772428
            ],
            [
              16.2713513,
              48.1771835
            ],
            [
              16.2714766,
              48.177188
            ],
            [
              16.2714717,
              48.1772473
            ],
            [
              16.2713465,
              48.1772428
            ]
          ]
        ]
      }
    },
    {
      "type": "Feature",
      "id": "way/202815682",
      "properties": {
        "addr:city": "Wien",
        "addr:country": "AT",
        "addr:housenumber": "47",
        "addr:postcode": "1130",
        "addr:street": "Jagdschloßgasse",
        "building": "detached",
        "source": "wien.at",
        "wikidata": "Q116171450",
        "osm_id": "way/202815682"
      },
      "geometry": {
        "type": "Polygon",
        "coordinates": [
          [
            [
              16.274587,
              48.1772926
            ],
            [
              16.2745419,
              48.1772958
            ],
            [
              16.2745533,
              48.1773688
            ],
            [
              16.2747656,
              48.1773541
            ],
            [
              16.2747442,
              48.1772172
            ],
            [
              16.274577,
              48.1772288
            ],
            [
              16.274587,
              48.1772926
            ]
          ]
        ]
      }
    },
    {
      "type": "Feature",
      "id": "way/202815683",
      "properties": {
        "addr:city": "Wien",
        "addr:country": "AT",
        "addr:housenumber": "9",
        "addr:postcode": "1130",
        "addr:street": "Wlassakstraße",
        "at_bev:addr_date": "2017-10-01",
        "building": "yes",
        "source": "wien.at",
        "osm_id": "way/202815683"
      },
      "geometry": {
        "type": "Polygon",
        "coordinates": [
          [
            [
              16.270535,
              48.1769103
            ],
            [
              16.2704724,
              48.1771025
            ],
            [
              16.2705736,
              48.1771172
            ],
            [
              16.2705773,
              48.1771057
            ],
            [
              16.2706103,
              48.1770045
            ],
            [
              16.2706255,
              48.1769578
            ],
            [
              16.2706362,
              48.176925
            ],
            [
              16.270535,
              48.1769103
            ]
          ]
        ]
      }
    },
    {
      "type": "Feature",
      "id": "way/202815684",
      "properties": {
        "building": "detached",
        "source": "wien.at",
        "osm_id": "way/202815684"
      },
      "geometry": {
        "type": "Polygon",
        "coordinates": [
          [
            [
              16.2767029,
              48.1771531
            ],
            [
              16.2766796,
              48.1771549
            ],
            [
              16.2766857,
              48.1771901
            ],
            [
              16.2767085,
              48.1771884
            ],
            [
              16.2767164,
              48.1772345
            ],
            [
              16.2768663,
              48.1772231
            ],
            [
              16.2768452,
              48.1770997
            ],
            [
              16.2766957,
              48.1771111
            ],
            [
              16.2767029,
              48.1771531
            ]
          ]
        ]
      }
    },
    {
      "type": "Feature",
      "id": "way/202815685",
      "properties": {
        "addr:city": "Wien",
        "addr:country": "AT",
        "addr:housenumber": "174",
        "addr:postcode": "1130",
        "addr:street": "Wolkersbergenstraße",
        "building": "apartments",
        "source": "wien.at",
        "osm_id": "way/202815685"
      },
      "geometry": {
        "type": "Polygon",
        "coordinates": [
          [
            [
              16.2731955,
              48.1774748
            ],
            [
              16.2731971,
              48.1774859
            ],
            [
              16.2732547,
              48.1774823
            ],
            [
              16.2732531,
              48.1774714
            ],
            [
              16.2733194,
              48.1774672
            ],
            [
              16.2733099,
              48.1773998
            ],
            [
              16.2731113,
              48.1774122
            ],
            [
              16.2731207,
              48.1774794
            ],
            [
              16.2731955,
              48.1774748
            ]
          ]
        ]
      }
    },
    {
      "type": "Feature",
      "id": "way/202815686",
      "properties": {
        "addr:city": "Wien",
        "addr:country": "AT",
        "addr:housenumber": "6",
        "addr:postcode": "1130",
        "addr:street": "Joseph-Lister-Gasse",
        "at_bev:addr_date": "2017-10-01",
        "building": "detached",
        "source": "wien.at",
        "osm_id": "way/202815686"
      },
      "geometry": {
        "type": "Polygon",
        "coordinates": [
          [
            [
              16.2708677,
              48.1771423
            ],
            [
              16.271021,
              48.1771477
            ],
            [
              16.2710248,
              48.1771
            ],
            [
              16.2710443,
              48.1771006
            ],
            [
              16.2710502,
              48.1770132
            ],
            [
              16.2709171,
              48.1770091
            ],
            [
              16.270913,
              48.1770697
            ],
            [
              16.2708735,
              48.1770683
            ],
            [
              16.2708677,
              48.1771423
            ]
          ]
        ]
      }
    },
    {
      "type": "Feature",
      "id": "way/202815688",
      "properties": {
        "addr:city": "Wien",
        "addr:country": "AT",
        "addr:housenumber": "4",
        "addr:postcode": "1130",
        "addr:street": "Joseph-Lister-Gasse",
        "at_bev:addr_date": "2017-10-01",
        "building": "detached",
        "source": "wien.at",
        "osm_id": "way/202815688"
      },
      "geometry": {
        "type": "Polygon",
        "coordinates": [
          [
            [
              16.2708456,
              48.1771816
            ],
            [
              16.2708385,
              48.1773057
            ],
            [
              16.2709706,
              48.177309
            ],
            [
              16.2709717,
              48.1772898
            ],
            [
              16.2710181,
              48.1772913
            ],
            [
              16.2710241,
              48.1772052
            ],
            [
              16.2709767,
              48.1772037
            ],
            [
              16.2709777,
              48.177185
            ],
            [
              16.2708456,
              48.1771816
            ]
          ]
        ]
      }
    },
    {
      "type": "Feature",
      "id": "way/202815689",
      "properties": {
        "addr:city": "Wien",
        "addr:country": "AT",
        "addr:housenumber": "51",
        "addr:postcode": "1130",
        "addr:street": "Jagdschloßgasse",
        "building": "detached",
        "source": "wien.at",
        "osm_id": "way/202815689"
      },
      "geometry": {
        "type": "Polygon",
        "coordinates": [
          [
            [
              16.274087,
              48.1773839
            ],
            [
              16.2741429,
              48.1773798
            ],
            [
              16.2741463,
              48.1774005
            ],
            [
              16.2742362,
              48.177394
            ],
            [
              16.2742232,
              48.1773139
            ],
            [
              16.2742156,
              48.1772671
            ],
            [
              16.2742076,
              48.1772677
            ],
            [
              16.2740697,
              48.1772776
            ],
            [
              16.274087,
              48.1773839
            ]
          ]
        ]
      }
    },
    {
      "type": "Feature",
      "id": "way/202868944",
      "properties": {
        "addr:city": "Wien",
        "addr:housenumber": "21",
        "addr:postcode": "1130",
        "addr:street": "Nothartgasse",
        "building": "yes",
        "source": "wien.at",
        "osm_id": "way/202868944"
      },
      "geometry": {
        "type": "Polygon",
        "coordinates": [
          [
            [
              16.2765179,
              48.1801999
            ],
            [
              16.2764752,
              48.1802057
            ],
            [
              16.2765105,
              48.1803207
            ],
            [
              16.276554,
              48.1803148
            ],
            [
              16.2765831,
              48.1804096
            ],
            [
              16.2768063,
              48.1803792
            ],
            [
              16.2767561,
              48.1802152
            ],
            [
              16.2768024,
              48.1802089
            ],
            [
              16.2767759,
              48.1801224
            ],
            [
              16.2767287,
              48.1801288
            ],
            [
              16.2767141,
              48.1800812
            ],
            [
              16.2764908,
              48.1801117
            ],
            [
              16.2765179,
              48.1801999
            ]
          ]
        ]
      }
    },
    {
      "type": "Feature",
      "id": "way/202868950",
      "properties": {
        "addr:city": "Wien",
        "addr:country": "AT",
        "addr:housenumber": "14",
        "addr:postcode": "1130",
        "addr:street": "Ratmannsdorfgasse",
        "at_bev:addr_date": "2017-10-01",
        "building": "yes",
        "source": "wien.at",
        "osm_id": "way/202868950"
      },
      "geometry": {
        "type": "Polygon",
        "coordinates": [
          [
            [
              16.2763491,
              48.1787488
            ],
            [
              16.2764121,
              48.178745
            ],
            [
              16.2764024,
              48.178664
            ],
            [
              16.2764005,
              48.1786641
            ],
            [
              16.2763968,
              48.1786325
            ],
            [
              16.2763306,
              48.178636
            ],
            [
              16.2763344,
              48.1786675
            ],
            [
              16.2762429,
              48.1786724
            ],
            [
              16.2762525,
              48.1787531
            ],
            [
              16.2763134,
              48.1787498
            ],
            [
              16.2763155,
              48.1787672
            ],
            [
              16.2763342,
              48.1787723
            ],
            [
              16.2763511,
              48.1787653
            ],
            [
              16.2763491,
              48.1787488
            ]
          ]
        ]
      }
    },
    {
      "type": "Feature",
      "id": "way/202868954",
      "properties": {
        "addr:city": "Wien",
        "addr:country": "AT",
        "addr:housenumber": "22",
        "addr:postcode": "1130",
        "addr:street": "Gobergasse",
        "building": "yes",
        "source": "wien.at",
        "osm_id": "way/202868954"
      },
      "geometry": {
        "type": "Polygon",
        "coordinates": [
          [
            [
              16.2765931,
              48.1785678
            ],
            [
              16.2766755,
              48.1785574
            ],
            [
              16.2766775,
              48.1785642
            ],
            [
              16.2767057,
              48.1785607
            ],
            [
              16.276701,
              48.1785445
            ],
            [
              16.2767419,
              48.1785393
            ],
            [
              16.2767719,
              48.1786444
            ],
            [
              16.2767752,
              48.178656
            ],
            [
              16.2767977,
              48.1786532
            ],
            [
              16.276793,
              48.1786364
            ],
            [
              16.2768374,
              48.1786307
            ],
            [
              16.2768784,
              48.1787744
            ],
            [
              16.2768896,
              48.178773
            ],
            [
              16.2769125,
              48.1787701
            ],
            [
              16.2769069,
              48.1787506
            ],
            [
              16.2769551,
              48.1787445
            ],
            [
              16.2769828,
              48.1788418
            ],
            [
              16.2767242,
              48.1788746
            ],
            [
              16.2767118,
              48.1788309
            ],
            [
              16.2767395,
              48.1788274
            ],
            [
              16.276723,
              48.1787699
            ],
            [
              16.2767052,
              48.1787722
            ],
            [
              16.2766987,
              48.1787496
            ],
            [
              16.2766881,
              48.178751
            ],
            [
              16.2766775,
              48.1787137
            ],
            [
              16.2766879,
              48.1787124
            ],
            [
              16.2766739,
              48.1786634
            ],
            [
              16.2766223,
              48.17867
            ],
            [
              16.2765931,
              48.1785678
            ]
          ]
        ]
      }
    },
    {
      "type": "Feature",
      "id": "way/202868973",
      "properties": {
        "addr:city": "Wien",
        "addr:country": "AT",
        "addr:housenumber": "18",
        "addr:postcode": "1130",
        "addr:street": "Ratmannsdorfgasse",
        "at_bev:addr_date": "2017-10-01",
        "building": "yes",
        "source": "wien.at",
        "osm_id": "way/202868973"
      },
      "geometry": {
        "type": "Polygon",
        "coordinates": [
          [
            [
              16.2763038,
              48.1790729
            ],
            [
              16.2764552,
              48.1790622
            ],
            [
              16.2764417,
              48.1789771
            ],
            [
              16.2762903,
              48.1789878
            ],
            [
              16.2763038,
              48.1790729
            ]
          ]
        ]
      }
    },
    {
      "type": "Feature",
      "id": "way/202868983",
      "properties": {
        "addr:city": "Wien",
        "addr:housenumber": "26",
        "addr:postcode": "1130",
        "addr:street": "Ratmannsdorfgasse",
        "building": "yes",
        "source": "wien.at",
        "osm_id": "way/202868983"
      },
      "geometry": {
        "type": "Polygon",
        "coordinates": [
          [
            [
              16.2764924,
              48.1800081
            ],
            [
              16.276642,
              48.1799882
            ],
            [
              16.276588,
              48.1798019
            ],
            [
              16.2764376,
              48.1798205
            ],
            [
              16.2764924,
              48.1800081
            ]
          ]
        ]
      }
    },
    {
      "type": "Feature",
      "id": "way/202868991",
      "properties": {
        "addr:city": "Wien",
        "addr:country": "AT",
        "addr:housenumber": "20-22",
        "addr:postcode": "1130",
        "addr:street": "Ratmannsdorfgasse",
        "at_bev:addr_date": "2017-10-01",
        "building": "yes",
        "source": "wien.at",
        "osm_id": "way/202868991"
      },
      "geometry": {
        "type": "Polygon",
        "coordinates": [
          [
            [
              16.2763562,
              48.1792757
            ],
            [
              16.2763766,
              48.1794047
            ],
            [
              16.2765013,
              48.179396
            ],
            [
              16.2764809,
              48.1792669
            ],
            [
              16.2764604,
              48.1791372
            ],
            [
              16.2763358,
              48.179146
            ],
            [
              16.2763562,
              48.1792757
            ]
          ]
        ]
      }
    },
    {
      "type": "Feature",
      "id": "way/202868993",
      "properties": {
        "addr:city": "Wien",
        "addr:country": "AT",
        "addr:housenumber": "16",
        "addr:postcode": "1130",
        "addr:street": "Ratmannsdorfgasse",
        "at_bev:addr_date": "2017-10-01",
        "building": "yes",
        "source": "wien.at",
        "wikidata": "Q116171454",
        "osm_id": "way/202868993"
      },
      "geometry": {
        "type": "Polygon",
        "coordinates": [
          [
            [
              16.2762812,
              48.1789047
            ],
            [
              16.2764057,
              48.1788971
            ],
            [
              16.2763938,
              48.1788101
            ],
            [
              16.2762693,
              48.1788176
            ],
            [
              16.2762812,
              48.1789047
            ]
          ]
        ]
      }
    },
    {
      "type": "Feature",
      "id": "way/202869008",
      "properties": {
        "addr:city": "Wien",
        "addr:country": "AT",
        "addr:housenumber": "42",
        "addr:postcode": "1130",
        "addr:street": "Veitingergasse",
        "building": "yes",
        "source": "wien.at",
        "osm_id": "way/202869008"
      },
      "geometry": {
        "type": "Polygon",
        "coordinates": [
          [
            [
              16.2767027,
              48.1796963
            ],
            [
              16.276856,
              48.1796785
            ],
            [
              16.2768233,
              48.1795533
            ],
            [
              16.27667,
              48.1795712
            ],
            [
              16.2767027,
              48.1796963
            ]
          ]
        ]
      }
    },
    {
      "type": "Feature",
      "id": "way/202869022",
      "properties": {
        "addr:city": "Wien",
        "addr:country": "AT",
        "addr:housenumber": "41",
        "addr:postcode": "1130",
        "addr:street": "Veitingergasse",
        "building": "yes",
        "source": "wien.at",
        "osm_id": "way/202869022"
      },
      "geometry": {
        "type": "Polygon",
        "coordinates": [
          [
            [
              16.2767098,
              48.1793746
            ],
            [
              16.2768233,
              48.1793601
            ],
            [
              16.276796,
              48.1792652
            ],
            [
              16.2766825,
              48.1792798
            ],
            [
              16.2767098,
              48.1793746
            ]
          ]
        ]
      }
    },
    {
      "type": "Feature",
      "id": "way/202869050",
      "properties": {
        "addr:city": "Wien",
        "addr:country": "AT",
        "addr:housenumber": "39",
        "addr:postcode": "1130",
        "addr:street": "Veitingergasse",
        "building": "yes",
        "source": "wien.at",
        "osm_id": "way/202869050"
      },
      "geometry": {
        "type": "Polygon",
        "coordinates": [
          [
            [
              16.2769434,
              48.1793217
            ],
            [
              16.2771213,
              48.179299
            ],
            [
              16.2770919,
              48.1791965
            ],
            [
              16.276914,
              48.1792193
            ],
            [
              16.2769434,
              48.1793217
            ]
          ]
        ]
      }
    },
    {
      "type": "Feature",
      "id": "way/202869069",
      "properties": {
        "building": "yes",
        "source": "wien.at",
        "osm_id": "way/202869069"
      },
      "geometry": {
        "type": "Polygon",
        "coordinates": [
          [
            [
              16.2769095,
              48.1801999
            ],
            [
              16.2770598,
              48.1801807
            ],
            [
              16.2770403,
              48.1801136
            ],
            [
              16.2770136,
              48.18002
            ],
            [
              16.2768633,
              48.1800393
            ],
            [
              16.2769095,
              48.1801999
            ]
          ]
        ]
      }
    },
    {
      "type": "Feature",
      "id": "way/206862434",
      "properties": {
        "addr:city": "Wien",
        "addr:country": "AT",
        "addr:housenumber": "12",
        "addr:postcode": "1130",
        "addr:street": "Löfflergasse",
        "at_bev:addr_date": "2017-10-01",
        "building": "yes",
        "osm_id": "way/206862434"
      },
      "geometry": {
        "type": "Polygon",
        "coordinates": [
          [
            [
              16.2694369,
              48.1763298
            ],
            [
              16.2695844,
              48.1763777
            ],
            [
              16.2696585,
              48.1762762
            ],
            [
              16.2695109,
              48.1762283
            ],
            [
              16.2694369,
              48.1763298
            ]
          ]
        ]
      }
    },
    {
      "type": "Feature",
      "id": "way/224675553",
      "properties": {
        "addr:city": "Wien",
        "addr:country": "AT",
        "addr:housenumber": "34",
        "addr:postcode": "1130",
        "addr:street": "Gobergasse",
        "addr:unit": "6",
        "building": "yes",
        "osm_id": "way/224675553"
      },
      "geometry": {
        "type": "Polygon",
        "coordinates": [
          [
            [
              16.2745436,
              48.1790359
            ],
            [
              16.2745802,
              48.1790313
            ],
            [
              16.274686,
              48.1790179
            ],
            [
              16.2747279,
              48.1791656
            ],
            [
              16.2745868,
              48.1791834
            ],
            [
              16.2745705,
              48.1791258
            ],
            [
              16.2745536,
              48.1791279
            ],
            [
              16.2745445,
              48.1790959
            ],
            [
              16.27456,
              48.179094
            ],
            [
              16.2745436,
              48.1790359
            ]
          ]
        ]
      }
    },
    {
      "type": "Feature",
      "id": "way/224675554",
      "properties": {
        "addr:city": "Wien",
        "addr:country": "AT",
        "addr:housenumber": "14",
        "addr:postcode": "1130",
        "addr:street": "Rotenberggasse",
        "building": "detached",
        "osm_id": "way/224675554"
      },
      "geometry": {
        "type": "Polygon",
        "coordinates": [
          [
            [
              16.2733528,
              48.1791031
            ],
            [
              16.2734439,
              48.1790984
            ],
            [
              16.2734286,
              48.1789676
            ],
            [
              16.2733376,
              48.1789723
            ],
            [
              16.2733528,
              48.1791031
            ]
          ]
        ]
      }
    },
    {
      "type": "Feature",
      "id": "way/224675555",
      "properties": {
        "addr:city": "Wien",
        "addr:country": "AT",
        "addr:housenumber": "53",
        "addr:postcode": "1130",
        "addr:street": "Veitingergasse",
        "addr:unit": "5",
        "building": "house",
        "osm_id": "way/224675555"
      },
      "geometry": {
        "type": "Polygon",
        "coordinates": [
          [
            [
              16.2743361,
              48.1794186
            ],
            [
              16.2745559,
              48.1793901
            ],
            [
              16.2745283,
              48.1792951
            ],
            [
              16.2744417,
              48.1793063
            ],
            [
              16.2744388,
              48.1792961
            ],
            [
              16.2743921,
              48.1793021
            ],
            [
              16.2743953,
              48.1793132
            ],
            [
              16.2743087,
              48.1793245
            ],
            [
              16.2743361,
              48.1794186
            ]
          ]
        ]
      }
    },
    {
      "type": "Feature",
      "id": "way/224675556",
      "properties": {
        "addr:city": "Wien",
        "addr:country": "AT",
        "addr:housenumber": "55",
        "addr:postcode": "1130",
        "addr:street": "Veitingergasse",
        "building": "yes",
        "osm_id": "way/224675556"
      },
      "geometry": {
        "type": "Polygon",
        "coordinates": [
          [
            [
              16.2738025,
              48.1797435
            ],
            [
              16.2739759,
              48.1797206
            ],
            [
              16.2739371,
              48.1795898
            ],
            [
              16.2737637,
              48.1796127
            ],
            [
              16.2738025,
              48.1797435
            ]
          ]
        ]
      }
    },
    {
      "type": "Feature",
      "id": "way/224675557",
      "properties": {
        "addr:city": "Wien",
        "addr:country": "AT",
        "addr:housenumber": "53",
        "addr:postcode": "1130",
        "addr:street": "Veitingergasse",
        "addr:unit": "1",
        "building": "house",
        "osm_id": "way/224675557"
      },
      "geometry": {
        "type": "Polygon",
        "coordinates": [
          [
            [
              16.2747324,
              48.1796224
            ],
            [
              16.2749532,
              48.1795937
            ],
            [
              16.2749255,
              48.1794989
            ],
            [
              16.2748387,
              48.1795102
            ],
            [
              16.2748357,
              48.1794999
            ],
            [
              16.2747878,
              48.1795061
            ],
            [
              16.2747908,
              48.1795164
            ],
            [
              16.2747047,
              48.1795276
            ],
            [
              16.2747324,
              48.1796224
            ]
          ]
        ]
      }
    },
    {
      "type": "Feature",
      "id": "way/224675558",
      "properties": {
        "building": "yes",
        "osm_id": "way/224675558"
      },
      "geometry": {
        "type": "Polygon",
        "coordinates": [
          [
            [
              16.2736215,
              48.1794398
            ],
            [
              16.2738082,
              48.1794271
            ],
            [
              16.2738001,
              48.179374
            ],
            [
              16.2736133,
              48.1793867
            ],
            [
              16.2736215,
              48.1794398
            ]
          ]
        ]
      }
    },
    {
      "type": "Feature",
      "id": "way/224675560",
      "properties": {
        "addr:city": "Wien",
        "addr:country": "AT",
        "addr:housenumber": "53",
        "addr:postcode": "1130",
        "addr:street": "Veitingergasse",
        "addr:unit": "4",
        "building": "house",
        "osm_id": "way/224675560"
      },
      "geometry": {
        "type": "Polygon",
        "coordinates": [
          [
            [
              16.2739978,
              48.1793539
            ],
            [
              16.27414,
              48.1793361
            ],
            [
              16.2741819,
              48.1794845
            ],
            [
              16.2740398,
              48.1795023
            ],
            [
              16.2740235,
              48.1794443
            ],
            [
              16.2740078,
              48.1794463
            ],
            [
              16.2739986,
              48.1794136
            ],
            [
              16.2740141,
              48.1794117
            ],
            [
              16.2739978,
              48.1793539
            ]
          ]
        ]
      }
    },
    {
      "type": "Feature",
      "id": "way/224675561",
      "properties": {
        "addr:city": "Wien",
        "addr:country": "AT",
        "addr:housenumber": "53",
        "addr:postcode": "1130",
        "addr:street": "Veitingergasse",
        "addr:unit": "3",
        "building": "house",
        "osm_id": "way/224675561"
      },
      "geometry": {
        "type": "Polygon",
        "coordinates": [
          [
            [
              16.2740853,
              48.1797077
            ],
            [
              16.2743063,
              48.1796785
            ],
            [
              16.274278,
              48.1795832
            ],
            [
              16.2741911,
              48.1795947
            ],
            [
              16.2741882,
              48.1795848
            ],
            [
              16.2741406,
              48.1795911
            ],
            [
              16.2741437,
              48.1796013
            ],
            [
              16.2740571,
              48.1796127
            ],
            [
              16.2740853,
              48.1797077
            ]
          ]
        ]
      }
    },
    {
      "type": "Feature",
      "id": "way/224675563",
      "properties": {
        "addr:city": "Wien",
        "addr:country": "AT",
        "addr:housenumber": "34",
        "addr:postcode": "1130",
        "addr:street": "Gobergasse",
        "addr:unit": "4",
        "building": "yes",
        "osm_id": "way/224675563"
      },
      "geometry": {
        "type": "Polygon",
        "coordinates": [
          [
            [
              16.2752447,
              48.1789446
            ],
            [
              16.2753877,
              48.1789258
            ],
            [
              16.275405,
              48.1789843
            ],
            [
              16.2754202,
              48.1789823
            ],
            [
              16.2754296,
              48.1790145
            ],
            [
              16.2754136,
              48.1790166
            ],
            [
              16.2754305,
              48.1790739
            ],
            [
              16.2752883,
              48.1790926
            ],
            [
              16.2752447,
              48.1789446
            ]
          ]
        ]
      }
    },
    {
      "type": "Feature",
      "id": "way/224675564",
      "properties": {
        "addr:city": "Wien",
        "addr:country": "AT",
        "addr:housenumber": "19",
        "addr:postcode": "1130",
        "addr:street": "Ratmannsdorfgasse",
        "at_bev:addr_date": "2017-10-01",
        "building": "yes",
        "osm_id": "way/224675564"
      },
      "geometry": {
        "type": "Polygon",
        "coordinates": [
          [
            [
              16.2758661,
              48.1793179
            ],
            [
              16.2760419,
              48.1793043
            ],
            [
              16.2760152,
              48.1791506
            ],
            [
              16.2758394,
              48.1791641
            ],
            [
              16.2758661,
              48.1793179
            ]
          ]
        ]
      }
    },
    {
      "type": "Feature",
      "id": "way/224675566",
      "properties": {
        "addr:city": "Wien",
        "addr:country": "AT",
        "addr:housenumber": "34",
        "addr:postcode": "1130",
        "addr:street": "Gobergasse",
        "addr:unit": "5",
        "building": "yes",
        "osm_id": "way/224675566"
      },
      "geometry": {
        "type": "Polygon",
        "coordinates": [
          [
            [
              16.2748714,
              48.1790366
            ],
            [
              16.275092,
              48.1790075
            ],
            [
              16.27512,
              48.179102
            ],
            [
              16.275033,
              48.1791135
            ],
            [
              16.2750359,
              48.1791235
            ],
            [
              16.2749881,
              48.1791299
            ],
            [
              16.274985,
              48.1791196
            ],
            [
              16.2748994,
              48.1791309
            ],
            [
              16.2748714,
              48.1790366
            ]
          ]
        ]
      }
    },
    {
      "type": "Feature",
      "id": "way/224675567",
      "properties": {
        "addr:city": "Wien",
        "addr:country": "AT",
        "addr:housenumber": "53",
        "addr:postcode": "1130",
        "addr:street": "Veitingergasse",
        "addr:unit": "2",
        "building": "house",
        "osm_id": "way/224675567"
      },
      "geometry": {
        "type": "Polygon",
        "coordinates": [
          [
            [
              16.2744075,
              48.1796648
            ],
            [
              16.2746279,
              48.1796365
            ],
            [
              16.2746005,
              48.1795416
            ],
            [
              16.2745138,
              48.1795528
            ],
            [
              16.2745109,
              48.1795426
            ],
            [
              16.2744638,
              48.1795486
            ],
            [
              16.2744668,
              48.179559
            ],
            [
              16.2743801,
              48.1795701
            ],
            [
              16.2744075,
              48.1796648
            ]
          ]
        ]
      }
    },
    {
      "type": "Feature",
      "id": "way/224675569",
      "properties": {
        "addr:city": "Wien",
        "addr:country": "AT",
        "addr:housenumber": "16",
        "addr:postcode": "1130",
        "addr:street": "Rotenberggasse",
        "building": "yes",
        "osm_id": "way/224675569"
      },
      "geometry": {
        "type": "Polygon",
        "coordinates": [
          [
            [
              16.2733585,
              48.1791578
            ],
            [
              16.2733928,
              48.1792759
            ],
            [
              16.2734859,
              48.1792639
            ],
            [
              16.2734516,
              48.1791458
            ],
            [
              16.2733585,
              48.1791578
            ]
          ]
        ]
      }
    },
    {
      "type": "Feature",
      "id": "way/224675571",
      "properties": {
        "addr:city": "Wien",
        "addr:country": "AT",
        "addr:housenumber": "36",
        "addr:postcode": "1130",
        "addr:street": "Gobergasse",
        "building": "yes",
        "osm_id": "way/224675571"
      },
      "geometry": {
        "type": "Polygon",
        "coordinates": [
          [
            [
              16.2741988,
              48.1792111
            ],
            [
              16.274418,
              48.1791832
            ],
            [
              16.274382,
              48.1790578
            ],
            [
              16.2741628,
              48.1790857
            ],
            [
              16.2741988,
              48.1792111
            ]
          ]
        ]
      }
    },
    {
      "type": "Feature",
      "id": "way/224675572",
      "properties": {
        "addr:city": "Wien",
        "addr:country": "AT",
        "addr:housenumber": "45",
        "addr:postcode": "1130",
        "addr:street": "Veitingergasse",
        "building": "yes",
        "osm_id": "way/224675572"
      },
      "geometry": {
        "type": "Polygon",
        "coordinates": [
          [
            [
              16.275828,
              48.1794765
            ],
            [
              16.2759831,
              48.1794558
            ],
            [
              16.2759536,
              48.1793577
            ],
            [
              16.2757986,
              48.1793783
            ],
            [
              16.275828,
              48.1794765
            ]
          ]
        ]
      }
    },
    {
      "type": "Feature",
      "id": "way/224675573",
      "properties": {
        "addr:city": "Wien",
        "addr:country": "AT",
        "addr:housenumber": "34",
        "addr:postcode": "1130",
        "addr:street": "Gobergasse",
        "addr:unit": "1",
        "building": "yes",
        "osm_id": "way/224675573"
      },
      "geometry": {
        "type": "Polygon",
        "coordinates": [
          [
            [
              16.2744964,
              48.1789263
            ],
            [
              16.2744682,
              48.1788316
            ],
            [
              16.2746889,
              48.1788024
            ],
            [
              16.2747171,
              48.1788974
            ],
            [
              16.2746302,
              48.1789089
            ],
            [
              16.2746333,
              48.1789195
            ],
            [
              16.2745859,
              48.1789258
            ],
            [
              16.2745827,
              48.1789149
            ],
            [
              16.2744964,
              48.1789263
            ]
          ]
        ]
      }
    },
    {
      "type": "Feature",
      "id": "way/224675574",
      "properties": {
        "building": "yes",
        "osm_id": "way/224675574"
      },
      "geometry": {
        "type": "Polygon",
        "coordinates": [
          [
            [
              16.2759908,
              48.1796092
            ],
            [
              16.2760012,
              48.1796603
            ],
            [
              16.2760968,
              48.1796517
            ],
            [
              16.2760865,
              48.1796006
            ],
            [
              16.2759908,
              48.1796092
            ]
          ]
        ]
      }
    },
    {
      "type": "Feature",
      "id": "way/224675575",
      "properties": {
        "addr:city": "Wien",
        "addr:country": "AT",
        "addr:housenumber": "34",
        "addr:postcode": "1130",
        "addr:street": "Gobergasse",
        "addr:unit": "3",
        "building": "yes",
        "osm_id": "way/224675575"
      },
      "geometry": {
        "type": "Polygon",
        "coordinates": [
          [
            [
              16.2751513,
              48.1788415
            ],
            [
              16.2751232,
              48.1787468
            ],
            [
              16.2753434,
              48.1787177
            ],
            [
              16.2753717,
              48.178813
            ],
            [
              16.2752843,
              48.1788245
            ],
            [
              16.2752872,
              48.1788343
            ],
            [
              16.27524,
              48.1788405
            ],
            [
              16.2752369,
              48.1788302
            ],
            [
              16.2751513,
              48.1788415
            ]
          ]
        ]
      }
    },
    {
      "type": "Feature",
      "id": "way/224675576",
      "properties": {
        "building": "yes",
        "osm_id": "way/224675576"
      },
      "geometry": {
        "type": "Polygon",
        "coordinates": [
          [
            [
              16.2742752,
              48.1789133
            ],
            [
              16.2743614,
              48.178902
            ],
            [
              16.2743458,
              48.1788487
            ],
            [
              16.2742596,
              48.1788601
            ],
            [
              16.2742752,
              48.1789133
            ]
          ]
        ]
      }
    },
    {
      "type": "Feature",
      "id": "way/224675578",
      "properties": {
        "addr:city": "Wien",
        "addr:country": "AT",
        "addr:housenumber": "34",
        "addr:postcode": "1130",
        "addr:street": "Gobergasse",
        "addr:unit": "2",
        "building": "yes",
        "osm_id": "way/224675578"
      },
      "geometry": {
        "type": "Polygon",
        "coordinates": [
          [
            [
              16.2748273,
              48.1788834
            ],
            [
              16.2748001,
              48.1787883
            ],
            [
              16.2750212,
              48.1787602
            ],
            [
              16.2750484,
              48.1788552
            ],
            [
              16.2749611,
              48.1788663
            ],
            [
              16.274964,
              48.1788767
            ],
            [
              16.2749172,
              48.1788826
            ],
            [
              16.2749142,
              48.1788723
            ],
            [
              16.2748273,
              48.1788834
            ]
          ]
        ]
      }
    },
    {
      "type": "Feature",
      "id": "way/224675579",
      "properties": {
        "addr:city": "Wien",
        "addr:country": "AT",
        "addr:housenumber": "47",
        "addr:postcode": "1130",
        "addr:street": "Veitingergasse",
        "building": "yes",
        "osm_id": "way/224675579"
      },
      "geometry": {
        "type": "Polygon",
        "coordinates": [
          [
            [
              16.2755617,
              48.1794885
            ],
            [
              16.2757194,
              48.1794678
            ],
            [
              16.2756906,
              48.1793702
            ],
            [
              16.2755329,
              48.1793909
            ],
            [
              16.2755617,
              48.1794885
            ]
          ]
        ]
      }
    },
    {
      "type": "Feature",
      "id": "way/224675582",
      "properties": {
        "addr:city": "Wien",
        "addr:country": "AT",
        "addr:housenumber": "17",
        "addr:postcode": "1130",
        "addr:street": "Ratmannsdorfgasse",
        "at_bev:addr_date": "2017-10-01",
        "building": "yes",
        "osm_id": "way/224675582"
      },
      "geometry": {
        "type": "Polygon",
        "coordinates": [
          [
            [
              16.2757789,
              48.1790008
            ],
            [
              16.2757981,
              48.1791063
            ],
            [
              16.2759686,
              48.1790925
            ],
            [
              16.2759495,
              48.178987
            ],
            [
              16.2757789,
              48.1790008
            ]
          ]
        ]
      }
    },
    {
      "type": "Feature",
      "id": "way/224675583",
      "properties": {
        "addr:city": "Wien",
        "addr:country": "AT",
        "addr:housenumber": "53",
        "addr:postcode": "1130",
        "addr:street": "Veitingergasse",
        "addr:unit": "6",
        "building": "yes",
        "osm_id": "way/224675583"
      },
      "geometry": {
        "type": "Polygon",
        "coordinates": [
          [
            [
              16.2748335,
              48.1792446
            ],
            [
              16.2746924,
              48.1792637
            ],
            [
              16.2747373,
              48.179411
            ],
            [
              16.2748206,
              48.1793997
            ],
            [
              16.2748783,
              48.1793919
            ],
            [
              16.2748606,
              48.1793339
            ],
            [
              16.2748763,
              48.1793318
            ],
            [
              16.2748666,
              48.1793002
            ],
            [
              16.2748511,
              48.1793023
            ],
            [
              16.2748335,
              48.1792446
            ]
          ]
        ]
      }
    },
    {
      "type": "Feature",
      "id": "way/228943237",
      "properties": {
        "addr:city": "Wien",
        "addr:country": "AT",
        "addr:housenumber": "20",
        "addr:postcode": "1130",
        "addr:street": "Rotenberggasse",
        "building": "detached",
        "osm_id": "way/228943237"
      },
      "geometry": {
        "type": "Polygon",
        "coordinates": [
          [
            [
              16.2734493,
              48.1797858
            ],
            [
              16.2734343,
              48.1797052
            ],
            [
              16.2735578,
              48.179695
            ],
            [
              16.2735728,
              48.1797756
            ],
            [
              16.2734493,
              48.1797858
            ]
          ]
        ]
      }
    },
    {
      "type": "Feature",
      "id": "way/228943238",
      "properties": {
        "addr:city": "Wien",
        "addr:country": "AT",
        "addr:housenumber": "49",
        "addr:postcode": "1130",
        "addr:street": "Veitingergasse",
        "building": "yes",
        "osm_id": "way/228943238"
      },
      "geometry": {
        "type": "Polygon",
        "coordinates": [
          [
            [
              16.275299,
              48.1795489
            ],
            [
              16.2752671,
              48.179442
            ],
            [
              16.2753709,
              48.1794282
            ],
            [
              16.2753612,
              48.1793959
            ],
            [
              16.2754448,
              48.1793848
            ],
            [
              16.2754864,
              48.179524
            ],
            [
              16.275299,
              48.1795489
            ]
          ]
        ]
      }
    },
    {
      "type": "Feature",
      "id": "way/228943239",
      "properties": {
        "addr:city": "Wien",
        "addr:country": "AT",
        "addr:housenumber": "51",
        "addr:postcode": "1130",
        "addr:street": "Veitingergasse",
        "building": "yes",
        "osm_id": "way/228943239"
      },
      "geometry": {
        "type": "Polygon",
        "coordinates": [
          [
            [
              16.2750582,
              48.1795533
            ],
            [
              16.2752233,
              48.1795295
            ],
            [
              16.2751892,
              48.1794242
            ],
            [
              16.2750241,
              48.1794479
            ],
            [
              16.2750582,
              48.1795533
            ]
          ]
        ]
      }
    },
    {
      "type": "Feature",
      "id": "way/228943240",
      "properties": {
        "addr:city": "Wien",
        "addr:housenumber": "1A",
        "addr:postcode": "1130",
        "addr:street": "Josef-Gangl-Gasse",
        "building": "yes",
        "osm_id": "way/228943240"
      },
      "geometry": {
        "type": "Polygon",
        "coordinates": [
          [
            [
              16.2707708,
              48.1808767
            ],
            [
              16.2707269,
              48.1807671
            ],
            [
              16.2709416,
              48.1807289
            ],
            [
              16.2709665,
              48.1807911
            ],
            [
              16.2708563,
              48.1808107
            ],
            [
              16.2708753,
              48.1808581
            ],
            [
              16.2707708,
              48.1808767
            ]
          ]
        ]
      }
    },
    {
      "type": "Feature",
      "id": "way/299973832",
      "properties": {
        "addr:city": "Wien",
        "addr:country": "AT",
        "addr:housenumber": "40",
        "addr:postcode": "1130",
        "addr:street": "Jagdschloßgasse",
        "addr:unit": "2",
        "building": "apartments",
        "osm_id": "way/299973832"
      },
      "geometry": {
        "type": "Polygon",
        "coordinates": [
          [
            [
              16.2721935,
              48.1782502
            ],
            [
              16.2722622,
              48.1782436
            ],
            [
              16.2722668,
              48.1782382
            ],
            [
              16.2722923,
              48.1782363
            ],
            [
              16.2722991,
              48.1782402
            ],
            [
              16.2723618,
              48.1782344
            ],
            [
              16.2723712,
              48.1782252
            ],
            [
              16.272365,
              48.1781951
            ],
            [
              16.2723537,
              48.1781962
            ],
            [
              16.2723499,
              48.1781816
            ],
            [
              16.2723599,
              48.1781733
            ],
            [
              16.2723532,
              48.1781355
            ],
            [
              16.2723407,
              48.1781365
            ],
            [
              16.2723335,
              48.1781017
            ],
            [
              16.2722704,
              48.1781072
            ],
            [
              16.272265,
              48.1781127
            ],
            [
              16.2722381,
              48.1781149
            ],
            [
              16.2722309,
              48.1781111
            ],
            [
              16.2721665,
              48.1781173
            ],
            [
              16.2721545,
              48.1781268
            ],
            [
              16.2721607,
              48.178154
            ],
            [
              16.2721727,
              48.1781529
            ],
            [
              16.2721768,
              48.1781699
            ],
            [
              16.2721656,
              48.1781784
            ],
            [
              16.2721737,
              48.1782157
            ],
            [
              16.2721866,
              48.1782144
            ],
            [
              16.2721935,
              48.1782502
            ]
          ]
        ]
      }
    },
    {
      "type": "Feature",
      "id": "way/299973834",
      "properties": {
        "addr:city": "Wien",
        "addr:country": "AT",
        "addr:housenumber": "69",
        "addr:postcode": "1130",
        "addr:street": "Jagdschloßgasse",
        "building": "detached",
        "osm_id": "way/299973834"
      },
      "geometry": {
        "type": "Polygon",
        "coordinates": [
          [
            [
              16.2691391,
              48.1779864
            ],
            [
              16.2693319,
              48.1780108
            ],
            [
              16.2693378,
              48.1779901
            ],
            [
              16.269387,
              48.1779964
            ],
            [
              16.2693656,
              48.1780716
            ],
            [
              16.2693334,
              48.1780675
            ],
            [
              16.2693226,
              48.1781054
            ],
            [
              16.2692889,
              48.1781011
            ],
            [
              16.2692838,
              48.1781189
            ],
            [
              16.2692175,
              48.1781105
            ],
            [
              16.2692226,
              48.1780926
            ],
            [
              16.2691128,
              48.1780787
            ],
            [
              16.2691391,
              48.1779864
            ]
          ]
        ]
      }
    },
    {
      "type": "Feature",
      "id": "way/299973836",
      "properties": {
        "addr:city": "Wien",
        "addr:country": "AT",
        "addr:housenumber": "67",
        "addr:postcode": "1130",
        "addr:street": "Jagdschloßgasse",
        "at_bev:addr_date": "2017-10-01",
        "building": "detached",
        "building:levels": "2",
        "roof:levels": "1",
        "osm_id": "way/299973836"
      },
      "geometry": {
        "type": "Polygon",
        "coordinates": [
          [
            [
              16.2698902,
              48.1782021
            ],
            [
              16.270023,
              48.178118
            ],
            [
              16.2699445,
              48.1780629
            ],
            [
              16.2698117,
              48.178147
            ],
            [
              16.2698902,
              48.1782021
            ]
          ]
        ]
      }
    },
    {
      "type": "Feature",
      "id": "way/299973839",
      "properties": {
        "addr:city": "Wien",
        "addr:country": "AT",
        "addr:housenumber": "50",
        "addr:postcode": "1130",
        "addr:street": "Jagdschloßgasse",
        "at_bev:addr_date": "2017-10-01",
        "building": "apartments",
        "osm_id": "way/299973839"
      },
      "geometry": {
        "type": "Polygon",
        "coordinates": [
          [
            [
              16.2706223,
              48.1782672
            ],
            [
              16.2703172,
              48.1782426
            ],
            [
              16.2702973,
              48.1783527
            ],
            [
              16.2706024,
              48.1783772
            ],
            [
              16.2706143,
              48.1783116
            ],
            [
              16.2706223,
              48.1782672
            ]
          ]
        ]
      }
    },
    {
      "type": "Feature",
      "id": "way/328698856",
      "properties": {
        "building": "garage",
        "osm_id": "way/328698856"
      },
      "geometry": {
        "type": "Polygon",
        "coordinates": [
          [
            [
              16.2764758,
              48.1784184
            ],
            [
              16.2765938,
              48.1784039
            ],
            [
              16.2765713,
              48.1783229
            ],
            [
              16.2764533,
              48.1783374
            ],
            [
              16.2764758,
              48.1784184
            ]
          ]
        ]
      }
    },
    {
      "type": "Feature",
      "id": "way/359167717",
      "properties": {
        "addr:city": "Wien",
        "addr:country": "AT",
        "addr:housenumber": "32B",
        "addr:postcode": "1130",
        "addr:street": "Jagdschloßgasse",
        "at_bev:addr_date": "2017-10-01",
        "building": "yes",
        "source": "wien.at",
        "osm_id": "way/359167717"
      },
      "geometry": {
        "type": "Polygon",
        "coordinates": [
          [
            [
              16.2739158,
              48.1781091
            ],
            [
              16.2739608,
              48.1781078
            ],
            [
              16.2739605,
              48.1781036
            ],
            [
              16.2740328,
              48.1781027
            ],
            [
              16.2740325,
              48.1780833
            ],
            [
              16.2740455,
              48.1780833
            ],
            [
              16.2740415,
              48.177973
            ],
            [
              16.2739388,
              48.1779743
            ],
            [
              16.2739385,
              48.1779813
            ],
            [
              16.2739094,
              48.1779898
            ],
            [
              16.2739158,
              48.1781091
            ]
          ]
        ]
      }
    },
    {
      "type": "Feature",
      "id": "way/359167718",
      "properties": {
        "building": "yes",
        "osm_id": "way/359167718"
      },
      "geometry": {
        "type": "Polygon",
        "coordinates": [
          [
            [
              16.2739102,
              48.1783483
            ],
            [
              16.2739793,
              48.1783437
            ],
            [
              16.2739663,
              48.1782563
            ],
            [
              16.2738971,
              48.1782609
            ],
            [
              16.2739102,
              48.1783483
            ]
          ]
        ]
      }
    },
    {
      "type": "Feature",
      "id": "way/359167720",
      "properties": {
        "building": "yes",
        "osm_id": "way/359167720"
      },
      "geometry": {
        "type": "Polygon",
        "coordinates": [
          [
            [
              16.2735798,
              48.1782118
            ],
            [
              16.2736742,
              48.1782057
            ],
            [
              16.273669,
              48.1781701
            ],
            [
              16.2735746,
              48.1781761
            ],
            [
              16.2735798,
              48.1782118
            ]
          ]
        ]
      }
    },
    {
      "type": "Feature",
      "id": "way/359167721",
      "properties": {
        "addr:city": "Wien",
        "addr:country": "AT",
        "addr:housenumber": "25",
        "addr:postcode": "1130",
        "addr:street": "Gobergasse",
        "at_bev:addr_date": "2017-10-01",
        "building": "yes",
        "source": "wien.at",
        "osm_id": "way/359167721"
      },
      "geometry": {
        "type": "Polygon",
        "coordinates": [
          [
            [
              16.2756889,
              48.1784909
            ],
            [
              16.2759417,
              48.1784567
            ],
            [
              16.2759039,
              48.1783328
            ],
            [
              16.2756512,
              48.1783671
            ],
            [
              16.2756583,
              48.1783906
            ],
            [
              16.2755434,
              48.1784053
            ],
            [
              16.2755336,
              48.1783658
            ],
            [
              16.2754557,
              48.1783744
            ],
            [
              16.2755121,
              48.1785123
            ],
            [
              16.2756889,
              48.1784909
            ]
          ]
        ]
      }
    },
    {
      "type": "Feature",
      "id": "way/366082614",
      "properties": {
        "building": "yes",
        "osm_id": "way/366082614"
      },
      "geometry": {
        "type": "Polygon",
        "coordinates": [
          [
            [
              16.2704741,
              48.1799222
            ],
            [
              16.2706533,
              48.1798991
            ],
            [
              16.2706355,
              48.1798376
            ],
            [
              16.2704563,
              48.1798607
            ],
            [
              16.2704741,
              48.1799222
            ]
          ]
        ]
      }
    },
    {
      "type": "Feature",
      "id": "way/366082618",
      "properties": {
        "building": "yes",
        "wikidata": "Q126490639",
        "osm_id": "way/366082618"
      },
      "geometry": {
        "type": "Polygon",
        "coordinates": [
          [
            [
              16.269496,
              48.1797868
            ],
            [
              16.2695081,
              48.1798237
            ],
            [
              16.2696147,
              48.1798107
            ],
            [
              16.2696049,
              48.1797729
            ],
            [
              16.269496,
              48.1797868
            ]
          ]
        ]
      }
    },
    {
      "type": "Feature",
      "id": "way/366082621",
      "properties": {
        "building": "yes",
        "wikidata": "Q61982573",
        "osm_id": "way/366082621"
      },
      "geometry": {
        "type": "Polygon",
        "coordinates": [
          [
            [
              16.2703823,
              48.1800636
            ],
            [
              16.2707226,
              48.1800111
            ],
            [
              16.2707017,
              48.1799511
            ],
            [
              16.2703615,
              48.1800036
            ],
            [
              16.2703823,
              48.1800636
            ]
          ]
        ]
      }
    },
    {
      "type": "Feature",
      "id": "way/366082623",
      "properties": {
        "building": "yes",
        "wikidata": "Q126680695",
        "osm_id": "way/366082623"
      },
      "geometry": {
        "type": "Polygon",
        "coordinates": [
          [
            [
              16.2696249,
              48.1798479
            ],
            [
              16.2696388,
              48.1798879
            ],
            [
              16.2695292,
              48.1798998
            ],
            [
              16.2695183,
              48.1798609
            ],
            [
              16.2696249,
              48.1798479
            ]
          ]
        ]
      }
    },
    {
      "type": "Feature",
      "id": "way/366082624",
      "properties": {
        "building": "yes",
        "wikidata": "Q62023943",
        "osm_id": "way/366082624"
      },
      "geometry": {
        "type": "Polygon",
        "coordinates": [
          [
            [
              16.2695545,
              48.1803125
            ],
            [
              16.2696979,
              48.1802871
            ],
            [
              16.2696666,
              48.1802159
            ],
            [
              16.2695259,
              48.1802412
            ],
            [
              16.2695545,
              48.1803125
            ]
          ]
        ]
      }
    },
    {
      "type": "Feature",
      "id": "way/366082625",
      "properties": {
        "building": "yes",
        "wikidata": "Q126680662",
        "osm_id": "way/366082625"
      },
      "geometry": {
        "type": "Polygon",
        "coordinates": [
          [
            [
              16.2691418,
              48.1797602
            ],
            [
              16.2692058,
              48.1797534
            ],
            [
              16.2692247,
              48.179844
            ],
            [
              16.2691605,
              48.17985
            ],
            [
              16.2691418,
              48.1797602
            ]
          ]
        ]
      }
    },
    {
      "type": "Feature",
      "id": "way/366082626",
      "properties": {
        "building": "yes",
        "wikidata": "Q61983454",
        "osm_id": "way/366082626"
      },
      "geometry": {
        "type": "Polygon",
        "coordinates": [
          [
            [
              16.2694709,
              48.1797113
            ],
            [
              16.2694827,
              48.1797515
            ],
            [
              16.2695953,
              48.1797368
            ],
            [
              16.2695835,
              48.1796966
            ],
            [
              16.2694709,
              48.1797113
            ]
          ]
        ]
      }
    },
    {
      "type": "Feature",
      "id": "way/366082628",
      "properties": {
        "addr:city": "Wien",
        "addr:country": "AT",
        "addr:housenumber": "5",
        "addr:postcode": "1130",
        "addr:street": "Schlehenweg",
        "at_bev:addr_date": "2017-10-01",
        "building": "yes",
        "osm_id": "way/366082628"
      },
      "geometry": {
        "type": "Polygon",
        "coordinates": [
          [
            [
              16.2698856,
              48.1811548
            ],
            [
              16.2696919,
              48.1810897
            ],
            [
              16.2696361,
              48.1811635
            ],
            [
              16.269679,
              48.1811779
            ],
            [
              16.2696694,
              48.1811906
            ],
            [
              16.2696749,
              48.1812102
            ],
            [
              16.2697393,
              48.1812348
            ],
            [
              16.2697714,
              48.1812299
            ],
            [
              16.2697831,
              48.1812145
            ],
            [
              16.2698289,
              48.1812299
            ],
            [
              16.2698856,
              48.1811548
            ]
          ]
        ]
      }
    },
    {
      "type": "Feature",
      "id": "way/366082629",
      "properties": {
        "building": "yes",
        "wikidata": "Q126490697",
        "osm_id": "way/366082629"
      },
      "geometry": {
        "type": "Polygon",
        "coordinates": [
          [
            [
              16.2705572,
              48.1801595
            ],
            [
              16.2707182,
              48.1801352
            ],
            [
              16.2706994,
              48.1800796
            ],
            [
              16.2705384,
              48.1801039
            ],
            [
              16.2705572,
              48.1801595
            ]
          ]
        ]
      }
    },
    {
      "type": "Feature",
      "id": "way/366082631",
      "properties": {
        "building": "yes",
        "wikidata": "Q126680733",
        "osm_id": "way/366082631"
      },
      "geometry": {
        "type": "Polygon",
        "coordinates": [
          [
            [
              16.2696668,
              48.1799979
            ],
            [
              16.2696584,
              48.1799617
            ],
            [
              16.2695523,
              48.1799755
            ],
            [
              16.2695645,
              48.1800105
            ],
            [
              16.2696668,
              48.1799979
            ]
          ]
        ]
      }
    },
    {
      "type": "Feature",
      "id": "way/366082632",
      "properties": {
        "building": "yes",
        "wikidata": "Q59207991",
        "osm_id": "way/366082632"
      },
      "geometry": {
        "type": "Polygon",
        "coordinates": [
          [
            [
              16.269461,
              48.1803344
            ],
            [
              16.2694463,
              48.1802972
            ],
            [
              16.2693415,
              48.1803157
            ],
            [
              16.2693563,
              48.1803529
            ],
            [
              16.269461,
              48.1803344
            ]
          ]
        ]
      }
    },
    {
      "type": "Feature",
      "id": "way/366082633",
      "properties": {
        "building": "yes",
        "wikidata": "Q62023943",
        "osm_id": "way/366082633"
      },
      "geometry": {
        "type": "Polygon",
        "coordinates": [
          [
            [
              16.2699009,
              48.1802472
            ],
            [
              16.270036,
              48.1802223
            ],
            [
              16.270013,
              48.180167
            ],
            [
              16.2700065,
              48.1801513
            ],
            [
              16.2698714,
              48.1801762
            ],
            [
              16.2699009,
              48.1802472
            ]
          ]
        ]
      }
    },
    {
      "type": "Feature",
      "id": "way/366082634",
      "properties": {
        "building": "yes",
        "wikidata": "Q61991692",
        "osm_id": "way/366082634"
      },
      "geometry": {
        "type": "Polygon",
        "coordinates": [
          [
            [
              16.2688439,
              48.1801146
            ],
            [
              16.2688733,
              48.1800844
            ],
            [
              16.2687533,
              48.1800326
            ],
            [
              16.2687239,
              48.1800628
            ],
            [
              16.2688439,
              48.1801146
            ]
          ]
        ]
      }
    },
    {
      "type": "Feature",
      "id": "way/366082636",
      "properties": {
        "building": "yes",
        "wikidata": "Q126680695",
        "osm_id": "way/366082636"
      },
      "geometry": {
        "type": "Polygon",
        "coordinates": [
          [
            [
              16.2695405,
              48.179935
            ],
            [
              16.2696466,
              48.1799212
            ],
            [
              16.2696388,
              48.1798879
            ],
            [
              16.2695292,
              48.1798998
            ],
            [
              16.2695405,
              48.179935
            ]
          ]
        ]
      }
    },
    {
      "type": "Feature",
      "id": "way/366082638",
      "properties": {
        "addr:city": "Wien",
        "addr:country": "AT",
        "addr:housenumber": "5-7",
        "addr:postcode": "1130",
        "addr:street": "Josef-Gangl-Gasse",
        "at_bev:addr_date": "2017-10-01",
        "building": "yes",
        "osm_id": "way/366082638"
      },
      "geometry": {
        "type": "Polygon",
        "coordinates": [
          [
            [
              16.2695363,
              48.1815122
            ],
            [
              16.2696128,
              48.1816171
            ],
            [
              16.2697203,
              48.1815822
            ],
            [
              16.2697113,
              48.1815698
            ],
            [
              16.2698202,
              48.1815344
            ],
            [
              16.2697528,
              48.181442
            ],
            [
              16.2695363,
              48.1815122
            ]
          ]
        ]
      }
    },
    {
      "type": "Feature",
      "id": "way/366082639",
      "properties": {
        "building": "yes",
        "wikidata": "Q59207991",
        "osm_id": "way/366082639"
      },
      "geometry": {
        "type": "Polygon",
        "coordinates": [
          [
            [
              16.2690342,
              48.1803766
            ],
            [
              16.2690507,
              48.1804143
            ],
            [
              16.2691546,
              48.1803941
            ],
            [
              16.2691381,
              48.1803563
            ],
            [
              16.2690342,
              48.1803766
            ]
          ]
        ]
      }
    },
    {
      "type": "Feature",
      "id": "way/366082640",
      "properties": {
        "building": "yes",
        "wikidata": "Q61996052",
        "osm_id": "way/366082640"
      },
      "geometry": {
        "type": "Polygon",
        "coordinates": [
          [
            [
              16.270236,
              48.1801901
            ],
            [
              16.2702126,
              48.1801306
            ],
            [
              16.2701129,
              48.180148
            ],
            [
              16.2701362,
              48.1802075
            ],
            [
              16.270236,
              48.1801901
            ]
          ]
        ]
      }
    },
    {
      "type": "Feature",
      "id": "way/366082641",
      "properties": {
        "building": "yes",
        "wikidata": "Q111487141",
        "osm_id": "way/366082641"
      },
      "geometry": {
        "type": "Polygon",
        "coordinates": [
          [
            [
              16.2687129,
              48.1802571
            ],
            [
              16.268801,
              48.1801705
            ],
            [
              16.2687335,
              48.1801399
            ],
            [
              16.2686453,
              48.1802265
            ],
            [
              16.2687129,
              48.1802571
            ]
          ]
        ]
      }
    },
    {
      "type": "Feature",
      "id": "way/366082643",
      "properties": {
        "building": "yes",
        "wikidata": "Q126490639",
        "osm_id": "way/366082643"
      },
      "geometry": {
        "type": "Polygon",
        "coordinates": [
          [
            [
              16.2695081,
              48.1798237
            ],
            [
              16.2695183,
              48.1798609
            ],
            [
              16.2696249,
              48.1798479
            ],
            [
              16.2696147,
              48.1798107
            ],
            [
              16.2695081,
              48.1798237
            ]
          ]
        ]
      }
    },
    {
      "type": "Feature",
      "id": "way/366082644",
      "properties": {
        "addr:city": "Wien",
        "addr:country": "AT",
        "addr:housenumber": "3",
        "addr:postcode": "1130",
        "addr:street": "Josef-Gangl-Gasse",
        "at_bev:addr_date": "2017-10-01",
        "building": "yes",
        "osm_id": "way/366082644"
      },
      "geometry": {
        "type": "Polygon",
        "coordinates": [
          [
            [
              16.2699498,
              48.1814771
            ],
            [
              16.2700537,
              48.1814262
            ],
            [
              16.2699669,
              48.1813475
            ],
            [
              16.269863,
              48.1813983
            ],
            [
              16.2699498,
              48.1814771
            ]
          ]
        ]
      }
    },
    {
      "type": "Feature",
      "id": "way/366082645",
      "properties": {
        "building": "yes",
        "wikidata": "Q126680733",
        "osm_id": "way/366082645"
      },
      "geometry": {
        "type": "Polygon",
        "coordinates": [
          [
            [
              16.2696466,
              48.1799212
            ],
            [
              16.2696584,
              48.1799617
            ],
            [
              16.2695523,
              48.1799755
            ],
            [
              16.2695405,
              48.179935
            ],
            [
              16.2696466,
              48.1799212
            ]
          ]
        ]
      }
    },
    {
      "type": "Feature",
      "id": "way/366082646",
      "properties": {
        "architect": "Adolf Loos",
        "building": "yes",
        "wikidata": "Q61996072",
        "osm_id": "way/366082646"
      },
      "geometry": {
        "type": "Polygon",
        "coordinates": [
          [
            [
              16.2692474,
              48.1801493
            ],
            [
              16.2693262,
              48.1801407
            ],
            [
              16.2693112,
              48.1800713
            ],
            [
              16.2692345,
              48.1800775
            ],
            [
              16.2692474,
              48.1801493
            ]
          ]
        ]
      }
    },
    {
      "type": "Feature",
      "id": "way/366082648",
      "properties": {
        "building": "yes",
        "wikidata": "Q61983391",
        "osm_id": "way/366082648"
      },
      "geometry": {
        "type": "Polygon",
        "coordinates": [
          [
            [
              16.2699927,
              48.1798922
            ],
            [
              16.2700081,
              48.1799331
            ],
            [
              16.2700186,
              48.1799622
            ],
            [
              16.2701554,
              48.1799397
            ],
            [
              16.2701295,
              48.1798696
            ],
            [
              16.2699927,
              48.1798922
            ]
          ]
        ]
      }
    },
    {
      "type": "Feature",
      "id": "way/366082649",
      "properties": {
        "addr:city": "Wien",
        "addr:country": "AT",
        "addr:housenumber": "64H",
        "addr:postcode": "1130",
        "addr:street": "Veitingergasse",
        "at_bev:addr_date": "2017-10-01",
        "building": "yes",
        "osm_id": "way/366082649"
      },
      "geometry": {
        "type": "Polygon",
        "coordinates": [
          [
            [
              16.2701845,
              48.1804907
            ],
            [
              16.2703275,
              48.1804682
            ],
            [
              16.2703313,
              48.1804789
            ],
            [
              16.2704041,
              48.1804674
            ],
            [
              16.2703746,
              48.1803841
            ],
            [
              16.2702094,
              48.1804101
            ],
            [
              16.2701919,
              48.1803608
            ],
            [
              16.2701212,
              48.1803719
            ],
            [
              16.2701482,
              48.1804479
            ],
            [
              16.2701682,
              48.1804447
            ],
            [
              16.2701845,
              48.1804907
            ]
          ]
        ]
      }
    },
    {
      "type": "Feature",
      "id": "way/366082650",
      "properties": {
        "building": "yes",
        "wikidata": "Q62023980",
        "osm_id": "way/366082650"
      },
      "geometry": {
        "type": "Polygon",
        "coordinates": [
          [
            [
              16.2687894,
              48.1804637
            ],
            [
              16.2689682,
              48.180431
            ],
            [
              16.2689405,
              48.1803636
            ],
            [
              16.2687617,
              48.1803963
            ],
            [
              16.2687662,
              48.1804073
            ],
            [
              16.2687894,
              48.1804637
            ]
          ]
        ]
      }
    },
    {
      "type": "Feature",
      "id": "way/366082651",
      "properties": {
        "building": "yes",
        "wikidata": "Q126680662",
        "osm_id": "way/366082651"
      },
      "geometry": {
        "type": "Polygon",
        "coordinates": [
          [
            [
              16.2690695,
              48.1797669
            ],
            [
              16.2691418,
              48.1797602
            ],
            [
              16.2691605,
              48.17985
            ],
            [
              16.2690882,
              48.1798567
            ],
            [
              16.2690695,
              48.1797669
            ]
          ]
        ]
      }
    },
    {
      "type": "Feature",
      "id": "way/366082652",
      "properties": {
        "architect": "Adolf Loos",
        "building": "yes",
        "wikidata": "Q61996072",
        "osm_id": "way/366082652"
      },
      "geometry": {
        "type": "Polygon",
        "coordinates": [
          [
            [
              16.2690802,
              48.180162
            ],
            [
              16.2691587,
              48.1801542
            ],
            [
              16.2691434,
              48.1800856
            ],
            [
              16.2690649,
              48.1800934
            ],
            [
              16.2690802,
              48.180162
            ]
          ]
        ]
      }
    },
    {
      "type": "Feature",
      "id": "way/366082654",
      "properties": {
        "addr:city": "Wien",
        "addr:country": "AT",
        "addr:housenumber": "1",
        "addr:postcode": "1130",
        "addr:street": "Josef-Gangl-Gasse",
        "at_bev:addr_date": "2017-10-01",
        "building": "yes",
        "osm_id": "way/366082654"
      },
      "geometry": {
        "type": "Polygon",
        "coordinates": [
          [
            [
              16.2701698,
              48.1813788
            ],
            [
              16.270247,
              48.1812872
            ],
            [
              16.2701024,
              48.181233
            ],
            [
              16.2700252,
              48.1813247
            ],
            [
              16.2701698,
              48.1813788
            ]
          ]
        ]
      }
    },
    {
      "type": "Feature",
      "id": "way/366082655",
      "properties": {
        "building": "yes",
        "wikidata": "Q126490739",
        "osm_id": "way/366082655"
      },
      "geometry": {
        "type": "Polygon",
        "coordinates": [
          [
            [
              16.2685904,
              48.1805045
            ],
            [
              16.2686921,
              48.1804853
            ],
            [
              16.2686681,
              48.1804288
            ],
            [
              16.2685664,
              48.180448
            ],
            [
              16.2685904,
              48.1805045
            ]
          ]
        ]
      }
    },
    {
      "type": "Feature",
      "id": "way/366082656",
      "properties": {
        "building": "yes",
        "wikidata": "Q126680662",
        "osm_id": "way/366082656"
      },
      "geometry": {
        "type": "Polygon",
        "coordinates": [
          [
            [
              16.2692908,
              48.1798378
            ],
            [
              16.2692719,
              48.1797472
            ],
            [
              16.2692058,
              48.1797534
            ],
            [
              16.2692247,
              48.179844
            ],
            [
              16.2692908,
              48.1798378
            ]
          ]
        ]
      }
    },
    {
      "type": "Feature",
      "id": "way/366082658",
      "properties": {
        "building": "yes",
        "osm_id": "way/366082658"
      },
      "geometry": {
        "type": "Polygon",
        "coordinates": [
          [
            [
              16.2691469,
              48.1806644
            ],
            [
              16.2695201,
              48.1805977
            ],
            [
              16.2694976,
              48.1805417
            ],
            [
              16.2691244,
              48.1806084
            ],
            [
              16.2691469,
              48.1806644
            ]
          ]
        ]
      }
    },
    {
      "type": "Feature",
      "id": "way/366082659",
      "properties": {
        "building": "yes",
        "osm_id": "way/366082659"
      },
      "geometry": {
        "type": "Polygon",
        "coordinates": [
          [
            [
              16.2703676,
              48.1797582
            ],
            [
              16.2704773,
              48.1797425
            ],
            [
              16.2704481,
              48.1796622
            ],
            [
              16.2703422,
              48.1796768
            ],
            [
              16.2703676,
              48.1797582
            ]
          ]
        ]
      }
    },
    {
      "type": "Feature",
      "id": "way/366082661",
      "properties": {
        "building": "roof",
        "osm_id": "way/366082661"
      },
      "geometry": {
        "type": "Polygon",
        "coordinates": [
          [
            [
              16.2711908,
              48.1802935
            ],
            [
              16.2716032,
              48.1802445
            ],
            [
              16.2715906,
              48.1801975
            ],
            [
              16.2711782,
              48.1802465
            ],
            [
              16.2711908,
              48.1802935
            ]
          ]
        ]
      }
    },
    {
      "type": "Feature",
      "id": "way/366082662",
      "properties": {
        "addr:city": "Wien",
        "addr:country": "AT",
        "addr:housenumber": "6",
        "addr:postcode": "1130",
        "addr:street": "Schlehenweg",
        "at_bev:addr_date": "2017-10-01",
        "building": "yes",
        "osm_id": "way/366082662"
      },
      "geometry": {
        "type": "Polygon",
        "coordinates": [
          [
            [
              16.2697811,
              48.180964
            ],
            [
              16.2698912,
              48.1809469
            ],
            [
              16.2698609,
              48.1808603
            ],
            [
              16.2697508,
              48.1808774
            ],
            [
              16.2697811,
              48.180964
            ]
          ]
        ]
      }
    },
    {
      "type": "Feature",
      "id": "way/366082663",
      "properties": {
        "building": "yes",
        "osm_id": "way/366082663"
      },
      "geometry": {
        "type": "Polygon",
        "coordinates": [
          [
            [
              16.2705214,
              48.1809871
            ],
            [
              16.2707128,
              48.1809577
            ],
            [
              16.270687,
              48.1808831
            ],
            [
              16.2704956,
              48.1809126
            ],
            [
              16.2705214,
              48.1809871
            ]
          ]
        ]
      }
    },
    {
      "type": "Feature",
      "id": "way/366082664",
      "properties": {
        "building": "yes",
        "wikidata": "Q126680662",
        "osm_id": "way/366082664"
      },
      "geometry": {
        "type": "Polygon",
        "coordinates": [
          [
            [
              16.2690141,
              48.1798635
            ],
            [
              16.2690882,
              48.1798567
            ],
            [
              16.2690695,
              48.1797669
            ],
            [
              16.2689941,
              48.1797747
            ],
            [
              16.2690141,
              48.1798635
            ]
          ]
        ]
      }
    },
    {
      "type": "Feature",
      "id": "way/366082666",
      "properties": {
        "addr:city": "Wien",
        "addr:country": "AT",
        "addr:housenumber": "64B",
        "addr:postcode": "1130",
        "addr:street": "Veitingergasse",
        "at_bev:addr_date": "2017-10-01",
        "building": "yes",
        "osm_id": "way/366082666"
      },
      "geometry": {
        "type": "Polygon",
        "coordinates": [
          [
            [
              16.2708209,
              48.1803825
            ],
            [
              16.2710474,
              48.180346
            ],
            [
              16.2710213,
              48.1802741
            ],
            [
              16.2708373,
              48.1803037
            ],
            [
              16.2708502,
              48.1803396
            ],
            [
              16.2708078,
              48.1803464
            ],
            [
              16.2708209,
              48.1803825
            ]
          ]
        ]
      }
    },
    {
      "type": "Feature",
      "id": "way/366082667",
      "properties": {
        "addr:city": "Wien",
        "addr:country": "AT",
        "addr:housenumber": "8",
        "addr:postcode": "1130",
        "addr:street": "Schlehenweg",
        "at_bev:addr_date": "2017-10-01",
        "building": "yes",
        "osm_id": "way/366082667"
      },
      "geometry": {
        "type": "Polygon",
        "coordinates": [
          [
            [
              16.2701916,
              48.1809766
            ],
            [
              16.2700937,
              48.1809923
            ],
            [
              16.2701482,
              48.181143
            ],
            [
              16.2702454,
              48.1811274
            ],
            [
              16.2702125,
              48.1810394
            ],
            [
              16.2703101,
              48.1810249
            ],
            [
              16.2702905,
              48.1809663
            ],
            [
              16.2702334,
              48.1809748
            ],
            [
              16.2702249,
              48.1809495
            ],
            [
              16.2701845,
              48.1809555
            ],
            [
              16.2701916,
              48.1809766
            ]
          ]
        ]
      }
    },
    {
      "type": "Feature",
      "id": "way/366082668",
      "properties": {
        "addr:city": "Wien",
        "addr:country": "AT",
        "addr:housenumber": "64A",
        "addr:postcode": "1130",
        "addr:street": "Veitingergasse",
        "at_bev:addr_date": "2017-10-01",
        "building": "yes",
        "osm_id": "way/366082668"
      },
      "geometry": {
        "type": "Polygon",
        "coordinates": [
          [
            [
              16.27105,
              48.1804611
            ],
            [
              16.2711969,
              48.1804374
            ],
            [
              16.2712039,
              48.1804567
            ],
            [
              16.2712728,
              48.1804456
            ],
            [
              16.2712404,
              48.1803561
            ],
            [
              16.2710246,
              48.1803909
            ],
            [
              16.27105,
              48.1804611
            ]
          ]
        ]
      }
    },
    {
      "type": "Feature",
      "id": "way/366082669",
      "properties": {
        "addr:city": "Wien",
        "addr:housenumber": "64E",
        "addr:postcode": "1130",
        "addr:street": "Veitingergasse",
        "building": "yes",
        "osm_id": "way/366082669"
      },
      "geometry": {
        "type": "Polygon",
        "coordinates": [
          [
            [
              16.2705896,
              48.1803583
            ],
            [
              16.2704558,
              48.1803798
            ],
            [
              16.2704745,
              48.1804315
            ],
            [
              16.2704432,
              48.1804366
            ],
            [
              16.2704511,
              48.1804584
            ],
            [
              16.2706162,
              48.1804319
            ],
            [
              16.2705896,
              48.1803583
            ]
          ]
        ]
      }
    },
    {
      "type": "Feature",
      "id": "way/366082670",
      "properties": {
        "building": "yes",
        "wikidata": "Q61983454",
        "osm_id": "way/366082670"
      },
      "geometry": {
        "type": "Polygon",
        "coordinates": [
          [
            [
              16.2694827,
              48.1797515
            ],
            [
              16.2694906,
              48.1797874
            ],
            [
              16.269496,
              48.1797868
            ],
            [
              16.2696049,
              48.1797729
            ],
            [
              16.2695953,
              48.1797368
            ],
            [
              16.2694827,
              48.1797515
            ]
          ]
        ]
      }
    },
    {
      "type": "Feature",
      "id": "way/366082671",
      "properties": {
        "addr:city": "Wien",
        "addr:country": "AT",
        "addr:housenumber": "66C",
        "addr:postcode": "1130",
        "addr:street": "Veitingergasse",
        "at_bev:addr_date": "2017-10-01",
        "building": "yes",
        "osm_id": "way/366082671"
      },
      "geometry": {
        "type": "Polygon",
        "coordinates": [
          [
            [
              16.2696252,
              48.180644
            ],
            [
              16.2697649,
              48.1806209
            ],
            [
              16.2697808,
              48.1806635
            ],
            [
              16.2698583,
              48.1806507
            ],
            [
              16.2698873,
              48.1807287
            ],
            [
              16.2697532,
              48.1807509
            ],
            [
              16.2697377,
              48.1807091
            ],
            [
              16.2696545,
              48.1807228
            ],
            [
              16.2696252,
              48.180644
            ]
          ]
        ]
      }
    },
    {
      "type": "Feature",
      "id": "way/366134815",
      "properties": {
        "building": "yes",
        "wikidata": "Q62023943",
        "osm_id": "way/366134815"
      },
      "geometry": {
        "type": "Polygon",
        "coordinates": [
          [
            [
              16.2697682,
              48.180196
            ],
            [
              16.2696666,
              48.1802159
            ],
            [
              16.2696979,
              48.1802871
            ],
            [
              16.2697995,
              48.1802672
            ],
            [
              16.2697682,
              48.180196
            ]
          ]
        ]
      }
    },
    {
      "type": "Feature",
      "id": "way/366134816",
      "properties": {
        "building": "yes",
        "wikidata": "Q126490697",
        "osm_id": "way/366134816"
      },
      "geometry": {
        "type": "Polygon",
        "coordinates": [
          [
            [
              16.2705572,
              48.1801595
            ],
            [
              16.2704243,
              48.180179
            ],
            [
              16.2704022,
              48.1801251
            ],
            [
              16.2705384,
              48.1801039
            ],
            [
              16.2705572,
              48.1801595
            ]
          ]
        ]
      }
    },
    {
      "type": "Feature",
      "id": "way/366134817",
      "properties": {
        "building": "yes",
        "wikidata": "Q62023943",
        "osm_id": "way/366134817"
      },
      "geometry": {
        "type": "Polygon",
        "coordinates": [
          [
            [
              16.2699009,
              48.1802472
            ],
            [
              16.2697995,
              48.1802672
            ],
            [
              16.2697682,
              48.180196
            ],
            [
              16.2698714,
              48.1801762
            ],
            [
              16.2699009,
              48.1802472
            ]
          ]
        ]
      }
    },
    {
      "type": "Feature",
      "id": "way/366134818",
      "properties": {
        "building": "yes",
        "osm_id": "way/366134818"
      },
      "geometry": {
        "type": "Polygon",
        "coordinates": [
          [
            [
              16.2704741,
              48.1799222
            ],
            [
              16.2703385,
              48.1799463
            ],
            [
              16.2703165,
              48.1798802
            ],
            [
              16.2704563,
              48.1798607
            ],
            [
              16.2704741,
              48.1799222
            ]
          ]
        ]
      }
    },
    {
      "type": "Feature",
      "id": "way/366134819",
      "properties": {
        "architect": "Adolf Loos",
        "building": "yes",
        "wikidata": "Q61996072",
        "osm_id": "way/366134819"
      },
      "geometry": {
        "type": "Polygon",
        "coordinates": [
          [
            [
              16.2690802,
              48.180162
            ],
            [
              16.2689947,
              48.1801683
            ],
            [
              16.268985,
              48.180098
            ],
            [
              16.2690649,
              48.1800934
            ],
            [
              16.2690802,
              48.180162
            ]
          ]
        ]
      }
    },
    {
      "type": "Feature",
      "id": "way/366134820",
      "properties": {
        "architect": "Adolf Loos",
        "building": "yes",
        "wikidata": "Q61996072",
        "osm_id": "way/366134820"
      },
      "geometry": {
        "type": "Polygon",
        "coordinates": [
          [
            [
              16.2693112,
              48.1800713
            ],
            [
              16.269394,
              48.1800633
            ],
            [
              16.269409,
              48.1801327
            ],
            [
              16.2693262,
              48.1801407
            ],
            [
              16.2693112,
              48.1800713
            ]
          ]
        ]
      }
    },
    {
      "type": "Feature",
      "id": "way/366134821",
      "properties": {
        "building": "yes",
        "osm_id": "way/366134821"
      },
      "geometry": {
        "type": "Polygon",
        "coordinates": [
          [
            [
              16.2688308,
              48.1796706
            ],
            [
              16.2688829,
              48.1796937
            ],
            [
              16.2689288,
              48.1796478
            ],
            [
              16.2688767,
              48.1796246
            ],
            [
              16.2688308,
              48.1796706
            ]
          ]
        ]
      }
    },
    {
      "type": "Feature",
      "id": "way/366134822",
      "properties": {
        "building": "yes",
        "wikidata": "Q126490739",
        "osm_id": "way/366134822"
      },
      "geometry": {
        "type": "Polygon",
        "coordinates": [
          [
            [
              16.2686921,
              48.1804853
            ],
            [
              16.2687894,
              48.1804637
            ],
            [
              16.2687662,
              48.1804073
            ],
            [
              16.2686681,
              48.1804288
            ],
            [
              16.2686921,
              48.1804853
            ]
          ]
        ]
      }
    },
    {
      "type": "Feature",
      "id": "way/366134823",
      "properties": {
        "building": "yes",
        "wikidata": "Q61996052",
        "osm_id": "way/366134823"
      },
      "geometry": {
        "type": "Polygon",
        "coordinates": [
          [
            [
              16.2701129,
              48.180148
            ],
            [
              16.270013,
              48.180167
            ],
            [
              16.270036,
              48.1802223
            ],
            [
              16.2701362,
              48.1802075
            ],
            [
              16.2701129,
              48.180148
            ]
          ]
        ]
      }
    },
    {
      "type": "Feature",
      "id": "way/366134827",
      "properties": {
        "building": "yes",
        "wikidata": "Q61995170",
        "osm_id": "way/366134827"
      },
      "geometry": {
        "type": "Polygon",
        "coordinates": [
          [
            [
              16.2701269,
              48.1797788
            ],
            [
              16.2699961,
              48.1797979
            ],
            [
              16.269965,
              48.1797017
            ],
            [
              16.2700393,
              48.1796911
            ],
            [
              16.2700563,
              48.1797438
            ],
            [
              16.2701125,
              48.1797357
            ],
            [
              16.2701269,
              48.1797788
            ]
          ]
        ]
      }
    },
    {
      "type": "Feature",
      "id": "way/366134828",
      "properties": {
        "building": "yes",
        "osm_id": "way/366134828"
      },
      "geometry": {
        "type": "Polygon",
        "coordinates": [
          [
            [
              16.2704773,
              48.1797425
            ],
            [
              16.2705745,
              48.1797268
            ],
            [
              16.2705409,
              48.1796343
            ],
            [
              16.2704821,
              48.1796438
            ],
            [
              16.2704737,
              48.1796206
            ],
            [
              16.2704353,
              48.1796269
            ],
            [
              16.2704481,
              48.1796622
            ],
            [
              16.2704773,
              48.1797425
            ]
          ]
        ]
      }
    },
    {
      "type": "Feature",
      "id": "way/366134830",
      "properties": {
        "building": "yes",
        "wikidata": "Q61995170",
        "osm_id": "way/366134830"
      },
      "geometry": {
        "type": "Polygon",
        "coordinates": [
          [
            [
              16.2701125,
              48.1797357
            ],
            [
              16.2700937,
              48.1796794
            ],
            [
              16.2701685,
              48.1796683
            ],
            [
              16.2701873,
              48.1797247
            ],
            [
              16.2702432,
              48.1797164
            ],
            [
              16.2702575,
              48.1797595
            ],
            [
              16.2701269,
              48.1797788
            ],
            [
              16.2701125,
              48.1797357
            ]
          ]
        ]
      }
    },
    {
      "type": "Feature",
      "id": "way/366134833",
      "properties": {
        "building": "yes",
        "wikidata": "Q59207991",
        "osm_id": "way/366134833"
      },
      "geometry": {
        "type": "Polygon",
        "coordinates": [
          [
            [
              16.2691381,
              48.1803563
            ],
            [
              16.2692401,
              48.1803344
            ],
            [
              16.2692557,
              48.1803759
            ],
            [
              16.2692713,
              48.1804152
            ],
            [
              16.269228,
              48.1804256
            ],
            [
              16.269221,
              48.1804036
            ],
            [
              16.2692063,
              48.1804013
            ],
            [
              16.2692011,
              48.1803846
            ],
            [
              16.2691546,
              48.1803941
            ],
            [
              16.2691381,
              48.1803563
            ]
          ]
        ]
      }
    },
    {
      "type": "Feature",
      "id": "way/366134834",
      "properties": {
        "building": "yes",
        "wikidata": "Q59207991",
        "osm_id": "way/366134834"
      },
      "geometry": {
        "type": "Polygon",
        "coordinates": [
          [
            [
              16.2692401,
              48.1803344
            ],
            [
              16.2693415,
              48.1803157
            ],
            [
              16.2693563,
              48.1803529
            ],
            [
              16.2693327,
              48.1803557
            ],
            [
              16.2693397,
              48.1803696
            ],
            [
              16.2693293,
              48.180384
            ],
            [
              16.2693137,
              48.1803823
            ],
            [
              16.2693007,
              48.1803673
            ],
            [
              16.2692557,
              48.1803759
            ],
            [
              16.2692401,
              48.1803344
            ]
          ]
        ]
      }
    },
    {
      "type": "Feature",
      "id": "way/366135425",
      "properties": {
        "addr:city": "Wien",
        "addr:country": "AT",
        "addr:housenumber": "66E",
        "addr:postcode": "1130",
        "addr:street": "Veitingergasse",
        "at_bev:addr_date": "2017-10-01",
        "building": "yes",
        "osm_id": "way/366135425"
      },
      "geometry": {
        "type": "Polygon",
        "coordinates": [
          [
            [
              16.2704463,
              48.1805979
            ],
            [
              16.2703089,
              48.1806195
            ],
            [
              16.2703495,
              48.1807343
            ],
            [
              16.2703798,
              48.1807295
            ],
            [
              16.2703649,
              48.1806872
            ],
            [
              16.2704719,
              48.1806704
            ],
            [
              16.2704463,
              48.1805979
            ]
          ]
        ]
      }
    },
    {
      "type": "Feature",
      "id": "way/366135426",
      "properties": {
        "addr:city": "Wien",
        "addr:housenumber": "66F",
        "addr:postcode": "1130",
        "addr:street": "Veitingergasse",
        "building": "yes",
        "osm_id": "way/366135426"
      },
      "geometry": {
        "type": "Polygon",
        "coordinates": [
          [
            [
              16.2704263,
              48.1808817
            ],
            [
              16.270382,
              48.1807663
            ],
            [
              16.2703261,
              48.1807759
            ],
            [
              16.2703456,
              48.1808269
            ],
            [
              16.2703056,
              48.1808337
            ],
            [
              16.2703303,
              48.1808981
            ],
            [
              16.2704263,
              48.1808817
            ]
          ]
        ]
      }
    },
    {
      "type": "Feature",
      "id": "way/366135427",
      "properties": {
        "addr:city": "Wien",
        "addr:country": "AT",
        "addr:housenumber": "66B",
        "addr:postcode": "1130",
        "addr:street": "Veitingergasse",
        "at_bev:addr_date": "2017-10-01",
        "building": "yes",
        "osm_id": "way/366135427"
      },
      "geometry": {
        "type": "Polygon",
        "coordinates": [
          [
            [
              16.2696542,
              48.1806122
            ],
            [
              16.2697648,
              48.1805944
            ],
            [
              16.2697134,
              48.1804518
            ],
            [
              16.2696045,
              48.1804693
            ],
            [
              16.2695677,
              48.1804752
            ],
            [
              16.2695835,
              48.1805191
            ],
            [
              16.2696186,
              48.1805134
            ],
            [
              16.2696542,
              48.1806122
            ]
          ]
        ]
      }
    },
    {
      "type": "Feature",
      "id": "way/366135428",
      "properties": {
        "addr:city": "Wien",
        "addr:country": "AT",
        "addr:housenumber": "4",
        "addr:postcode": "1130",
        "addr:street": "Schlehenweg",
        "at_bev:addr_date": "2017-10-01",
        "building": "yes",
        "osm_id": "way/366135428"
      },
      "geometry": {
        "type": "Polygon",
        "coordinates": [
          [
            [
              16.2696236,
              48.1809527
            ],
            [
              16.2696891,
              48.1809418
            ],
            [
              16.2696773,
              48.1809103
            ],
            [
              16.2696849,
              48.180909
            ],
            [
              16.2696363,
              48.1807791
            ],
            [
              16.2695689,
              48.1807903
            ],
            [
              16.2695642,
              48.1807778
            ],
            [
              16.2694955,
              48.1807892
            ],
            [
              16.2695415,
              48.1809123
            ],
            [
              16.2696046,
              48.1809018
            ],
            [
              16.2696236,
              48.1809527
            ]
          ]
        ]
      }
    },
    {
      "type": "Feature",
      "id": "way/366135429",
      "properties": {
        "addr:city": "Wien",
        "addr:housenumber": "1B",
        "addr:postcode": "1130",
        "addr:street": "Josef-Gangl-Gasse",
        "building": "yes",
        "osm_id": "way/366135429"
      },
      "geometry": {
        "type": "Polygon",
        "coordinates": [
          [
            [
              16.2704417,
              48.1810873
            ],
            [
              16.270588,
              48.1810632
            ],
            [
              16.2705648,
              48.1810005
            ],
            [
              16.2704185,
              48.1810246
            ],
            [
              16.2704417,
              48.1810873
            ]
          ]
        ]
      }
    },
    {
      "type": "Feature",
      "id": "way/366135874",
      "properties": {
        "building": "yes",
        "osm_id": "way/366135874"
      },
      "geometry": {
        "type": "Polygon",
        "coordinates": [
          [
            [
              16.2693083,
              48.1801833
            ],
            [
              16.2693662,
              48.1801783
            ],
            [
              16.2693631,
              48.1801625
            ],
            [
              16.2693053,
              48.1801675
            ],
            [
              16.2693083,
              48.1801833
            ]
          ]
        ]
      }
    },
    {
      "type": "Feature",
      "id": "way/366135875",
      "properties": {
        "building": "yes",
        "osm_id": "way/366135875"
      },
      "geometry": {
        "type": "Polygon",
        "coordinates": [
          [
            [
              16.2692095,
              48.1801945
            ],
            [
              16.2692076,
              48.1801709
            ],
            [
              16.2691821,
              48.1801718
            ],
            [
              16.269184,
              48.1801954
            ],
            [
              16.2692095,
              48.1801945
            ]
          ]
        ]
      }
    },
    {
      "type": "Feature",
      "id": "way/366135876",
      "properties": {
        "building": "yes",
        "osm_id": "way/366135876"
      },
      "geometry": {
        "type": "Polygon",
        "coordinates": [
          [
            [
              16.2690739,
              48.1802385
            ],
            [
              16.2690627,
              48.1802182
            ],
            [
              16.2690436,
              48.1802228
            ],
            [
              16.2690548,
              48.1802432
            ],
            [
              16.2690739,
              48.1802385
            ]
          ]
        ]
      }
    },
    {
      "type": "Feature",
      "id": "way/366135878",
      "properties": {
        "building": "yes",
        "osm_id": "way/366135878"
      },
      "geometry": {
        "type": "Polygon",
        "coordinates": [
          [
            [
              16.2689614,
              48.180197
            ],
            [
              16.2689645,
              48.1802133
            ],
            [
              16.269087,
              48.180203
            ],
            [
              16.2690839,
              48.1801866
            ],
            [
              16.2689614,
              48.180197
            ]
          ]
        ]
      }
    },
    {
      "type": "Feature",
      "id": "way/366135879",
      "properties": {
        "building": "yes",
        "wikidata": "Q61983391",
        "osm_id": "way/366135879"
      },
      "geometry": {
        "type": "Polygon",
        "coordinates": [
          [
            [
              16.2698974,
              48.1799821
            ],
            [
              16.2700186,
              48.1799622
            ],
            [
              16.2700081,
              48.1799331
            ],
            [
              16.2698866,
              48.1799528
            ],
            [
              16.2698974,
              48.1799821
            ]
          ]
        ]
      }
    },
    {
      "type": "Feature",
      "id": "way/366135881",
      "properties": {
        "building": "yes",
        "osm_id": "way/366135881"
      },
      "geometry": {
        "type": "Polygon",
        "coordinates": [
          [
            [
              16.2691722,
              48.1801966
            ],
            [
              16.2691429,
              48.1801995
            ],
            [
              16.269146,
              48.1802133
            ],
            [
              16.2691752,
              48.1802104
            ],
            [
              16.2691722,
              48.1801966
            ]
          ]
        ]
      }
    },
    {
      "type": "Feature",
      "id": "way/366136453",
      "properties": {
        "addr:city": "Wien",
        "addr:country": "AT",
        "addr:housenumber": "64C",
        "addr:postcode": "1130",
        "addr:street": "Veitingergasse",
        "at_bev:addr_date": "2017-10-01",
        "building": "yes",
        "osm_id": "way/366136453"
      },
      "geometry": {
        "type": "Polygon",
        "coordinates": [
          [
            [
              16.2708464,
              48.1805475
            ],
            [
              16.2708903,
              48.1805404
            ],
            [
              16.2708975,
              48.18056
            ],
            [
              16.2709861,
              48.1805456
            ],
            [
              16.2709449,
              48.1804334
            ],
            [
              16.2709902,
              48.180426
            ],
            [
              16.27098,
              48.180398
            ],
            [
              16.2708837,
              48.1804137
            ],
            [
              16.2708974,
              48.180451
            ],
            [
              16.2708159,
              48.1804643
            ],
            [
              16.2708464,
              48.1805475
            ]
          ]
        ]
      }
    },
    {
      "type": "Feature",
      "id": "way/366136454",
      "properties": {
        "addr:city": "Wien",
        "addr:country": "AT",
        "addr:housenumber": "66D",
        "addr:postcode": "1130",
        "addr:street": "Veitingergasse",
        "at_bev:addr_date": "2017-10-01",
        "building": "yes",
        "osm_id": "way/366136454"
      },
      "geometry": {
        "type": "Polygon",
        "coordinates": [
          [
            [
              16.2699478,
              48.1807867
            ],
            [
              16.2699246,
              48.1807199
            ],
            [
              16.2701001,
              48.1806928
            ],
            [
              16.2701385,
              48.1808033
            ],
            [
              16.2700942,
              48.1808102
            ],
            [
              16.2700789,
              48.1807664
            ],
            [
              16.2699478,
              48.1807867
            ]
          ]
        ]
      }
    },
    {
      "type": "Feature",
      "id": "way/366136761",
      "properties": {
        "building": "yes",
        "osm_id": "way/366136761"
      },
      "geometry": {
        "type": "Polygon",
        "coordinates": [
          [
            [
              16.2715581,
              48.1803945
            ],
            [
              16.2715285,
              48.1803204
            ],
            [
              16.2716313,
              48.1803015
            ],
            [
              16.2716455,
              48.180333
            ],
            [
              16.2715581,
              48.1803945
            ]
          ]
        ]
      }
    },
    {
      "type": "Feature",
      "id": "way/366172922",
      "properties": {
        "addr:city": "Wien",
        "addr:country": "AT",
        "addr:housenumber": "7",
        "addr:postcode": "1130",
        "addr:street": "Löfflergasse",
        "at_bev:addr_date": "2017-10-01",
        "building": "yes",
        "osm_id": "way/366172922"
      },
      "geometry": {
        "type": "Polygon",
        "coordinates": [
          [
            [
              16.2706174,
              48.1762493
            ],
            [
              16.2706643,
              48.176188
            ],
            [
              16.2705358,
              48.1761443
            ],
            [
              16.2704889,
              48.1762055
            ],
            [
              16.2706174,
              48.1762493
            ]
          ]
        ]
      }
    },
    {
      "type": "Feature",
      "id": "way/366172923",
      "properties": {
        "addr:city": "Wien",
        "addr:country": "AT",
        "addr:housenumber": "5",
        "addr:postcode": "1130",
        "addr:street": "Löfflergasse",
        "at_bev:addr_date": "2017-10-01",
        "building": "yes",
        "osm_id": "way/366172923"
      },
      "geometry": {
        "type": "Polygon",
        "coordinates": [
          [
            [
              16.2708917,
              48.1762841
            ],
            [
              16.2707499,
              48.176218
            ],
            [
              16.2706788,
              48.176286
            ],
            [
              16.2708206,
              48.176352
            ],
            [
              16.2708917,
              48.1762841
            ]
          ]
        ]
      }
    },
    {
      "type": "Feature",
      "id": "way/366172926",
      "properties": {
        "addr:city": "Wien",
        "addr:country": "AT",
        "addr:housenumber": "14",
        "addr:postcode": "1130",
        "addr:street": "Joseph-Lister-Gasse",
        "at_bev:addr_date": "2017-10-01",
        "building": "yes",
        "osm_id": "way/366172926"
      },
      "geometry": {
        "type": "Polygon",
        "coordinates": [
          [
            [
              16.2709747,
              48.1762252
            ],
            [
              16.2710734,
              48.1762109
            ],
            [
              16.2710373,
              48.1760994
            ],
            [
              16.2709386,
              48.1761136
            ],
            [
              16.2709747,
              48.1762252
            ]
          ]
        ]
      }
    },
    {
      "type": "Feature",
      "id": "way/366172934",
      "properties": {
        "addr:city": "Wien",
        "addr:country": "AT",
        "addr:housenumber": "12",
        "addr:postcode": "1130",
        "addr:street": "Joseph-Lister-Gasse",
        "at_bev:addr_date": "2017-10-01",
        "building": "yes",
        "osm_id": "way/366172934"
      },
      "geometry": {
        "type": "Polygon",
        "coordinates": [
          [
            [
              16.2709828,
              48.1764028
            ],
            [
              16.2711043,
              48.1763991
            ],
            [
              16.2710963,
              48.1762813
            ],
            [
              16.2709747,
              48.1762849
            ],
            [
              16.2709828,
              48.1764028
            ]
          ]
        ]
      }
    },
    {
      "type": "Feature",
      "id": "way/366268147",
      "properties": {
        "addr:city": "Wien",
        "addr:country": "AT",
        "addr:housenumber": "8A",
        "addr:postcode": "1130",
        "addr:street": "Löfflergasse",
        "at_bev:addr_date": "2017-10-01",
        "building": "yes",
        "osm_id": "way/366268147"
      },
      "geometry": {
        "type": "Polygon",
        "coordinates": [
          [
            [
              16.2701757,
              48.1764675
            ],
            [
              16.27027,
              48.1765012
            ],
            [
              16.2703568,
              48.1763932
            ],
            [
              16.2702625,
              48.1763595
            ],
            [
              16.2701757,
              48.1764675
            ]
          ]
        ]
      }
    },
    {
      "type": "Feature",
      "id": "way/366268151",
      "properties": {
        "addr:city": "Wien",
        "addr:country": "AT",
        "addr:housenumber": "8",
        "addr:postcode": "1130",
        "addr:street": "Löfflergasse",
        "at_bev:addr_date": "2017-10-01",
        "building": "yes",
        "osm_id": "way/366268151"
      },
      "geometry": {
        "type": "Polygon",
        "coordinates": [
          [
            [
              16.2704219,
              48.1764011
            ],
            [
              16.2703659,
              48.1764668
            ],
            [
              16.2703962,
              48.1764782
            ],
            [
              16.2703936,
              48.1764812
            ],
            [
              16.2704285,
              48.1764943
            ],
            [
              16.2703898,
              48.1765401
            ],
            [
              16.2704604,
              48.1765667
            ],
            [
              16.2704991,
              48.1765208
            ],
            [
              16.2705145,
              48.1765266
            ],
            [
              16.2705644,
              48.1764676
            ],
            [
              16.270549,
              48.1764618
            ],
            [
              16.2705573,
              48.1764519
            ],
            [
              16.2704219,
              48.1764011
            ]
          ]
        ]
      }
    },
    {
      "type": "Feature",
      "id": "way/366268153",
      "properties": {
        "addr:city": "Wien",
        "addr:country": "AT",
        "addr:housenumber": "17",
        "addr:postcode": "1130",
        "addr:street": "Joseph-Lister-Gasse",
        "at_bev:addr_date": "2017-10-01",
        "building": "detached",
        "osm_id": "way/366268153"
      },
      "geometry": {
        "type": "Polygon",
        "coordinates": [
          [
            [
              16.2714135,
              48.1764319
            ],
            [
              16.2715757,
              48.176435
            ],
            [
              16.2715797,
              48.1763442
            ],
            [
              16.2714174,
              48.1763411
            ],
            [
              16.2714135,
              48.1764319
            ]
          ]
        ]
      }
    },
    {
      "type": "Feature",
      "id": "way/366268156",
      "properties": {
        "addr:city": "Wien",
        "addr:country": "AT",
        "addr:housenumber": "16",
        "addr:postcode": "1130",
        "addr:street": "Löfflergasse",
        "at_bev:addr_date": "2017-10-01",
        "building": "yes",
        "osm_id": "way/366268156"
      },
      "geometry": {
        "type": "Polygon",
        "coordinates": [
          [
            [
              16.2690892,
              48.1763288
            ],
            [
              16.2690872,
              48.1762522
            ],
            [
              16.2689839,
              48.1762534
            ],
            [
              16.2689858,
              48.1763299
            ],
            [
              16.2690892,
              48.1763288
            ]
          ]
        ]
      }
    },
    {
      "type": "Feature",
      "id": "way/366268157",
      "properties": {
        "building": "yes",
        "osm_id": "way/366268157"
      },
      "geometry": {
        "type": "Polygon",
        "coordinates": [
          [
            [
              16.270229,
              48.1765359
            ],
            [
              16.2701895,
              48.1765833
            ],
            [
              16.2702606,
              48.1766096
            ],
            [
              16.2703,
              48.1765622
            ],
            [
              16.270229,
              48.1765359
            ]
          ]
        ]
      }
    },
    {
      "type": "Feature",
      "id": "way/366268160",
      "properties": {
        "addr:housenumber": "19",
        "addr:street": "Joseph-Lister-Gasse",
        "building": "detached",
        "osm_id": "way/366268160"
      },
      "geometry": {
        "type": "Polygon",
        "coordinates": [
          [
            [
              16.27139,
              48.1763136
            ],
            [
              16.2715732,
              48.1763095
            ],
            [
              16.2715677,
              48.1761991
            ],
            [
              16.2713845,
              48.1762032
            ],
            [
              16.27139,
              48.1763136
            ]
          ]
        ]
      }
    },
    {
      "type": "Feature",
      "id": "way/366268162",
      "properties": {
        "addr:city": "Wien",
        "addr:country": "AT",
        "addr:housenumber": "5",
        "addr:postcode": "1130",
        "addr:street": "Cuviergasse",
        "at_bev:addr_date": "2017-10-01",
        "building": "yes",
        "osm_id": "way/366268162"
      },
      "geometry": {
        "type": "Polygon",
        "coordinates": [
          [
            [
              16.2692882,
              48.1765304
            ],
            [
              16.2691389,
              48.1764845
            ],
            [
              16.2690975,
              48.1765443
            ],
            [
              16.2692468,
              48.1765903
            ],
            [
              16.2692882,
              48.1765304
            ]
          ]
        ]
      }
    },
    {
      "type": "Feature",
      "id": "way/366268164",
      "properties": {
        "addr:city": "Wien",
        "addr:country": "AT",
        "addr:housenumber": "22",
        "addr:postcode": "1130",
        "addr:street": "Löfflergasse",
        "at_bev:addr_date": "2017-10-01",
        "building": "yes",
        "osm_id": "way/366268164"
      },
      "geometry": {
        "type": "Polygon",
        "coordinates": [
          [
            [
              16.2686911,
              48.176376
            ],
            [
              16.2686949,
              48.1762854
            ],
            [
              16.2685724,
              48.1762831
            ],
            [
              16.2685686,
              48.1763737
            ],
            [
              16.2686911,
              48.176376
            ]
          ]
        ]
      }
    },
    {
      "type": "Feature",
      "id": "way/366268175",
      "properties": {
        "addr:city": "Wien",
        "addr:country": "AT",
        "addr:housenumber": "9",
        "addr:postcode": "1130",
        "addr:street": "Löfflergasse",
        "at_bev:addr_date": "2017-10-01",
        "building": "yes",
        "osm_id": "way/366268175"
      },
      "geometry": {
        "type": "Polygon",
        "coordinates": [
          [
            [
              16.2704348,
              48.1761837
            ],
            [
              16.2704941,
              48.1760896
            ],
            [
              16.2703836,
              48.1760587
            ],
            [
              16.2703244,
              48.1761528
            ],
            [
              16.2704348,
              48.1761837
            ]
          ]
        ]
      }
    },
    {
      "type": "Feature",
      "id": "way/366268187",
      "properties": {
        "addr:city": "Wien",
        "addr:country": "AT",
        "addr:housenumber": "3",
        "addr:postcode": "1130",
        "addr:street": "Cuviergasse",
        "at_bev:addr_date": "2017-10-01",
        "building": "yes",
        "osm_id": "way/366268187"
      },
      "geometry": {
        "type": "Polygon",
        "coordinates": [
          [
            [
              16.2695313,
              48.1764807
            ],
            [
              16.2694298,
              48.1763952
            ],
            [
              16.2693353,
              48.176445
            ],
            [
              16.2694367,
              48.1765305
            ],
            [
              16.2695313,
              48.1764807
            ]
          ]
        ]
      }
    },
    {
      "type": "Feature",
      "id": "way/366268194",
      "properties": {
        "addr:city": "Wien",
        "addr:country": "AT",
        "addr:housenumber": "4",
        "addr:postcode": "1130",
        "addr:street": "Cuviergasse",
        "at_bev:addr_date": "2017-10-01",
        "building": "yes",
        "osm_id": "way/366268194"
      },
      "geometry": {
        "type": "Polygon",
        "coordinates": [
          [
            [
              16.2699829,
              48.1765024
            ],
            [
              16.2698585,
              48.1764666
            ],
            [
              16.2698073,
              48.1765459
            ],
            [
              16.2699317,
              48.1765816
            ],
            [
              16.2699829,
              48.1765024
            ]
          ]
        ]
      }
    },
    {
      "type": "Feature",
      "id": "way/366268195",
      "properties": {
        "addr:city": "Wien",
        "addr:country": "AT",
        "addr:housenumber": "14",
        "addr:postcode": "1130",
        "addr:street": "Löfflergasse",
        "at_bev:addr_date": "2017-10-01",
        "building": "yes",
        "osm_id": "way/366268195"
      },
      "geometry": {
        "type": "Polygon",
        "coordinates": [
          [
            [
              16.2691657,
              48.1763569
            ],
            [
              16.2691657,
              48.1762318
            ],
            [
              16.2692786,
              48.1762063
            ],
            [
              16.2693686,
              48.1762076
            ],
            [
              16.269359,
              48.1762905
            ],
            [
              16.2692442,
              48.1763594
            ],
            [
              16.2691657,
              48.1763569
            ]
          ]
        ]
      }
    },
    {
      "type": "Feature",
      "id": "way/366347757",
      "properties": {
        "addr:city": "Wien",
        "addr:country": "AT",
        "addr:housenumber": "5",
        "addr:postcode": "1130",
        "addr:street": "Wlassakstraße",
        "at_bev:addr_date": "2017-10-01",
        "building": "apartments",
        "osm_id": "way/366347757"
      },
      "geometry": {
        "type": "Polygon",
        "coordinates": [
          [
            [
              16.270417,
              48.1774033
            ],
            [
              16.2704626,
              48.1772701
            ],
            [
              16.2703297,
              48.1772499
            ],
            [
              16.2702855,
              48.1773899
            ],
            [
              16.270417,
              48.1774033
            ]
          ]
        ]
      }
    },
    {
      "type": "Feature",
      "id": "way/380114044",
      "properties": {
        "building": "yes",
        "osm_id": "way/380114044"
      },
      "geometry": {
        "type": "Polygon",
        "coordinates": [
          [
            [
              16.2727824,
              48.1774439
            ],
            [
              16.2727709,
              48.1773902
            ],
            [
              16.2728173,
              48.1773857
            ],
            [
              16.2728288,
              48.1774395
            ],
            [
              16.2727824,
              48.1774439
            ]
          ]
        ]
      }
    },
    {
      "type": "Feature",
      "id": "way/404211844",
      "properties": {
        "building": "apartments",
        "building:levels": "2",
        "roof:levels": "1",
        "source": "wien.at",
        "osm_id": "way/404211844"
      },
      "geometry": {
        "type": "Polygon",
        "coordinates": [
          [
            [
              16.2770315,
              48.180668
            ],
            [
              16.277061,
              48.1806582
            ],
            [
              16.2770502,
              48.1806374
            ],
            [
              16.2770733,
              48.1805996
            ],
            [
              16.2769708,
              48.1805728
            ],
            [
              16.2769571,
              48.1805953
            ],
            [
              16.2769413,
              48.1805902
            ],
            [
              16.2769158,
              48.1806372
            ],
            [
              16.2770315,
              48.180668
            ]
          ]
        ]
      }
    },
    {
      "type": "Feature",
      "id": "way/418903362",
      "properties": {
        "addr:city": "Wien",
        "addr:country": "AT",
        "addr:housenumber": "28",
        "addr:postcode": "1130",
        "addr:street": "Cuviergasse",
        "building": "yes",
        "osm_id": "way/418903362"
      },
      "geometry": {
        "type": "Polygon",
        "coordinates": [
          [
            [
              16.2687508,
              48.1784532
            ],
            [
              16.268667,
              48.1783827
            ],
            [
              16.2686936,
              48.1783687
            ],
            [
              16.2686376,
              48.1783216
            ],
            [
              16.2685541,
              48.1783657
            ],
            [
              16.2686097,
              48.1784124
            ],
            [
              16.2685881,
              48.1784239
            ],
            [
              16.2685784,
              48.1784158
            ],
            [
              16.2685421,
              48.1784349
            ],
            [
              16.2686145,
              48.1784958
            ],
            [
              16.2686415,
              48.1784816
            ],
            [
              16.268663,
              48.1784996
            ],
            [
              16.2687508,
              48.1784532
            ]
          ]
        ]
      }
    },
    {
      "type": "Feature",
      "id": "way/565536569",
      "properties": {
        "addr:city": "Wien",
        "addr:country": "AT",
        "addr:housenumber": "55",
        "addr:postcode": "1130",
        "addr:street": "Jagdschloßgasse",
        "at_bev:addr_date": "2017-10-01",
        "building": "house",
        "osm_id": "way/565536569"
      },
      "geometry": {
        "type": "Polygon",
        "coordinates": [
          [
            [
              16.273595,
              48.1774353
            ],
            [
              16.2737553,
              48.1774258
            ],
            [
              16.2737546,
              48.1774205
            ],
            [
              16.2737901,
              48.1774184
            ],
            [
              16.2737801,
              48.1773444
            ],
            [
              16.2737447,
              48.1773465
            ],
            [
              16.2737354,
              48.1772771
            ],
            [
              16.2736099,
              48.1772846
            ],
            [
              16.2736132,
              48.1773091
            ],
            [
              16.2735641,
              48.1773121
            ],
            [
              16.2735717,
              48.1773686
            ],
            [
              16.2735859,
              48.1773678
            ],
            [
              16.273595,
              48.1774353
            ]
          ]
        ]
      }
    },
    {
      "type": "Feature",
      "id": "way/565536577",
      "properties": {
        "addr:city": "Wien",
        "addr:country": "AT",
        "addr:housenumber": "16",
        "addr:postcode": "1130",
        "addr:street": "Lafitegasse",
        "at_bev:addr_date": "2017-10-01",
        "building": "detached",
        "osm_id": "way/565536577"
      },
      "geometry": {
        "type": "Polygon",
        "coordinates": [
          [
            [
              16.2685854,
              48.1765167
            ],
            [
              16.2685767,
              48.1765811
            ],
            [
              16.2686913,
              48.176658
            ],
            [
              16.268749,
              48.1766186
            ],
            [
              16.2686719,
              48.1765672
            ],
            [
              16.2686726,
              48.1765569
            ],
            [
              16.268743,
              48.1765619
            ],
            [
              16.2687483,
              48.1765279
            ],
            [
              16.2685854,
              48.1765167
            ]
          ]
        ]
      }
    },
    {
      "type": "Feature",
      "id": "way/565536578",
      "properties": {
        "addr:city": "Wien",
        "addr:country": "AT",
        "addr:housenumber": "10",
        "addr:postcode": "1130",
        "addr:street": "Löfflergasse",
        "at_bev:addr_date": "2017-10-01",
        "building": "detached",
        "osm_id": "way/565536578"
      },
      "geometry": {
        "type": "Polygon",
        "coordinates": [
          [
            [
              16.2701779,
              48.1763306
            ],
            [
              16.2701059,
              48.1764438
            ],
            [
              16.2700531,
              48.1764289
            ],
            [
              16.2700438,
              48.1764435
            ],
            [
              16.2699478,
              48.1764164
            ],
            [
              16.2700021,
              48.176331
            ],
            [
              16.2700265,
              48.1763379
            ],
            [
              16.2700535,
              48.1762954
            ],
            [
              16.2701779,
              48.1763306
            ]
          ]
        ]
      }
    },
    {
      "type": "Feature",
      "id": "way/565536582",
      "properties": {
        "addr:city": "Wien",
        "addr:country": "AT",
        "addr:housenumber": "36",
        "addr:postcode": "1130",
        "addr:street": "Jagdschloßgasse",
        "at_bev:addr_date": "2017-10-01",
        "building": "apartments",
        "building:levels": "4",
        "roof:levels": "1",
        "source": "wien.at",
        "osm_id": "way/565536582"
      },
      "geometry": {
        "type": "Polygon",
        "coordinates": [
          [
            [
              16.2723547,
              48.1779304
            ],
            [
              16.2724055,
              48.1779258
            ],
            [
              16.2723998,
              48.177898
            ],
            [
              16.2725693,
              48.1778826
            ],
            [
              16.2725401,
              48.1777393
            ],
            [
              16.2725049,
              48.1777425
            ],
            [
              16.2725026,
              48.1777308
            ],
            [
              16.2723595,
              48.1777437
            ],
            [
              16.2723618,
              48.177755
            ],
            [
              16.2723198,
              48.1777588
            ],
            [
              16.2723547,
              48.1779304
            ]
          ]
        ]
      }
    },
    {
      "type": "Feature",
      "id": "way/565536583",
      "properties": {
        "building": "shed",
        "osm_id": "way/565536583"
      },
      "geometry": {
        "type": "Polygon",
        "coordinates": [
          [
            [
              16.2717753,
              48.1765843
            ],
            [
              16.2718271,
              48.1765863
            ],
            [
              16.2718309,
              48.1765418
            ],
            [
              16.2717792,
              48.1765398
            ],
            [
              16.2717753,
              48.1765843
            ]
          ]
        ]
      }
    },
    {
      "type": "Feature",
      "id": "way/566823557",
      "properties": {
        "addr:city": "Wien",
        "addr:country": "AT",
        "addr:housenumber": "6",
        "addr:postcode": "1130",
        "addr:street": "Josef-Gangl-Gasse",
        "at_bev:addr_date": "2017-10-01",
        "building": "yes",
        "osm_id": "way/566823557"
      },
      "geometry": {
        "type": "Polygon",
        "coordinates": [
          [
            [
              16.2702094,
              48.1817481
            ],
            [
              16.2702564,
              48.1817847
            ],
            [
              16.2703593,
              48.1817259
            ],
            [
              16.2702473,
              48.1816386
            ],
            [
              16.2702212,
              48.1816535
            ],
            [
              16.2701993,
              48.1816365
            ],
            [
              16.2701625,
              48.1816575
            ],
            [
              16.2701843,
              48.1816745
            ],
            [
              16.2701519,
              48.181693
            ],
            [
              16.2701822,
              48.1817166
            ],
            [
              16.2701628,
              48.1817276
            ],
            [
              16.2701976,
              48.1817548
            ],
            [
              16.2702094,
              48.1817481
            ]
          ]
        ]
      }
    },
    {
      "type": "Feature",
      "id": "way/566823558",
      "properties": {
        "building": "yes",
        "osm_id": "way/566823558"
      },
      "geometry": {
        "type": "Polygon",
        "coordinates": [
          [
            [
              16.270257,
              48.1816016
            ],
            [
              16.270226,
              48.1816205
            ],
            [
              16.2701735,
              48.1815823
            ],
            [
              16.2702046,
              48.1815634
            ],
            [
              16.2702309,
              48.1815825
            ],
            [
              16.270257,
              48.1816016
            ]
          ]
        ]
      }
    },
    {
      "type": "Feature",
      "id": "way/566823559",
      "properties": {
        "addr:city": "Wien",
        "addr:country": "AT",
        "addr:housenumber": "4",
        "addr:postcode": "1130",
        "addr:street": "Josef-Gangl-Gasse",
        "at_bev:addr_date": "2017-10-01",
        "building": "yes",
        "osm_id": "way/566823559"
      },
      "geometry": {
        "type": "Polygon",
        "coordinates": [
          [
            [
              16.2703975,
              48.1816568
            ],
            [
              16.2703484,
              48.1816211
            ],
            [
              16.2703133,
              48.1816425
            ],
            [
              16.270257,
              48.1816016
            ],
            [
              16.2702309,
              48.1815825
            ],
            [
              16.2702609,
              48.1815642
            ],
            [
              16.2702519,
              48.1815577
            ],
            [
              16.2702581,
              48.1815422
            ],
            [
              16.2702781,
              48.18153
            ],
            [
              16.2702966,
              48.1815314
            ],
            [
              16.2703426,
              48.1815034
            ],
            [
              16.2704316,
              48.1815682
            ],
            [
              16.2704211,
              48.1815747
            ],
            [
              16.2704639,
              48.1816059
            ],
            [
              16.2704661,
              48.181615
            ],
            [
              16.2703975,
              48.1816568
            ]
          ]
        ]
      }
    },
    {
      "type": "Feature",
      "id": "way/566823560",
      "properties": {
        "addr:city": "Wien",
        "addr:country": "AT",
        "addr:housenumber": "64G",
        "addr:postcode": "1130",
        "addr:street": "Veitingergasse",
        "at_bev:addr_date": "2017-10-01",
        "building": "yes",
        "osm_id": "way/566823560"
      },
      "geometry": {
        "type": "Polygon",
        "coordinates": [
          [
            [
              16.2704719,
              48.1806704
            ],
            [
              16.2706037,
              48.1806497
            ],
            [
              16.2705781,
              48.1805772
            ],
            [
              16.2704463,
              48.1805979
            ],
            [
              16.2704719,
              48.1806704
            ]
          ]
        ]
      }
    },
    {
      "type": "Feature",
      "id": "way/566823561",
      "properties": {
        "addr:city": "Wien",
        "addr:country": "AT",
        "addr:housenumber": "64F",
        "addr:postcode": "1130",
        "addr:street": "Veitingergasse",
        "at_bev:addr_date": "2017-10-01",
        "building": "yes",
        "osm_id": "way/566823561"
      },
      "geometry": {
        "type": "Polygon",
        "coordinates": [
          [
            [
              16.2706037,
              48.1806497
            ],
            [
              16.2706557,
              48.1806415
            ],
            [
              16.2706492,
              48.1806233
            ],
            [
              16.2707533,
              48.1806069
            ],
            [
              16.2707276,
              48.1805342
            ],
            [
              16.2705716,
              48.1805587
            ],
            [
              16.2705781,
              48.1805772
            ],
            [
              16.2706037,
              48.1806497
            ]
          ]
        ]
      }
    },
    {
      "type": "Feature",
      "id": "way/566823562",
      "properties": {
        "building": "yes",
        "osm_id": "way/566823562"
      },
      "geometry": {
        "type": "Polygon",
        "coordinates": [
          [
            [
              16.2718468,
              48.1805654
            ],
            [
              16.2718054,
              48.1805931
            ],
            [
              16.2718418,
              48.1806173
            ],
            [
              16.271871,
              48.1805978
            ],
            [
              16.2718468,
              48.1805654
            ]
          ]
        ]
      }
    },
    {
      "type": "Feature",
      "id": "way/613802621",
      "properties": {
        "building": "retail",
        "building:levels": "1",
        "roof:levels": "0",
        "osm_id": "way/613802621"
      },
      "geometry": {
        "type": "Polygon",
        "coordinates": [
          [
            [
              16.2702048,
              48.1779205
            ],
            [
              16.2701729,
              48.1780135
            ],
            [
              16.2701753,
              48.1780231
            ],
            [
              16.2701816,
              48.1780285
            ],
            [
              16.2702319,
              48.1780359
            ],
            [
              16.2705555,
              48.1779011
            ],
            [
              16.2705739,
              48.1778905
            ],
            [
              16.2705843,
              48.1778785
            ],
            [
              16.2706044,
              48.1778244
            ],
            [
              16.2706031,
              48.1778136
            ],
            [
              16.270591,
              48.177804
            ],
            [
              16.2705726,
              48.1777975
            ],
            [
              16.2701517,
              48.1777333
            ],
            [
              16.2700984,
              48.1778884
            ],
            [
              16.2700977,
              48.1778966
            ],
            [
              16.2701097,
              48.1779058
            ],
            [
              16.2702048,
              48.1779205
            ]
          ]
        ]
      }
    },
    {
      "type": "Feature",
      "id": "way/615768971",
      "properties": {
        "addr:city": "Wien",
        "addr:country": "AT",
        "addr:housenumber": "75",
        "addr:postcode": "1130",
        "addr:street": "Jagdschlossgasse",
        "building": "yes",
        "osm_id": "way/615768971"
      },
      "geometry": {
        "type": "Polygon",
        "coordinates": [
          [
            [
              16.2688892,
              48.1788586
            ],
            [
              16.2689572,
              48.1788619
            ],
            [
              16.2692553,
              48.1786553
            ],
            [
              16.2691167,
              48.1785586
            ],
            [
              16.2690608,
              48.1785422
            ],
            [
              16.2690445,
              48.1785645
            ],
            [
              16.268984,
              48.178557
            ],
            [
              16.2689083,
              48.1787374
            ],
            [
              16.2688892,
              48.1788586
            ]
          ]
        ]
      }
    },
    {
      "type": "Feature",
      "id": "way/616114139",
      "properties": {
        "addr:city": "Wien",
        "addr:country": "AT",
        "addr:housenumber": "73",
        "addr:postcode": "1130",
        "addr:street": "Jagdschloßgasse",
        "addr:unit": "1",
        "building": "apartments",
        "osm_id": "way/616114139"
      },
      "geometry": {
        "type": "Polygon",
        "coordinates": [
          [
            [
              16.2692549,
              48.1785724
            ],
            [
              16.269323,
              48.1785592
            ],
            [
              16.2692938,
              48.1785817
            ],
            [
              16.2693251,
              48.1785992
            ],
            [
              16.2694856,
              48.1784862
            ],
            [
              16.2694336,
              48.1784536
            ],
            [
              16.269475,
              48.1784595
            ],
            [
              16.2694847,
              48.1784319
            ],
            [
              16.2692579,
              48.1783958
            ],
            [
              16.2692397,
              48.1784423
            ],
            [
              16.2692283,
              48.1784178
            ],
            [
              16.2691874,
              48.1784248
            ],
            [
              16.2691616,
              48.1784488
            ],
            [
              16.2691751,
              48.1784778
            ],
            [
              16.2692097,
              48.1784716
            ],
            [
              16.2692549,
              48.1785724
            ]
          ]
        ]
      }
    },
    {
      "type": "Feature",
      "id": "way/616114140",
      "properties": {
        "addr:city": "Wien",
        "addr:country": "AT",
        "addr:housenumber": "73",
        "addr:postcode": "1130",
        "addr:street": "Jagdschloßgasse",
        "addr:unit": "3",
        "building": "apartments",
        "osm_id": "way/616114140"
      },
      "geometry": {
        "type": "Polygon",
        "coordinates": [
          [
            [
              16.2695314,
              48.1783764
            ],
            [
              16.2695994,
              48.1783631
            ],
            [
              16.2695703,
              48.1783857
            ],
            [
              16.2696015,
              48.1784031
            ],
            [
              16.2697621,
              48.1782902
            ],
            [
              16.2697101,
              48.1782575
            ],
            [
              16.2697515,
              48.1782634
            ],
            [
              16.2697612,
              48.1782358
            ],
            [
              16.2695344,
              48.1781998
            ],
            [
              16.2695162,
              48.1782462
            ],
            [
              16.2695048,
              48.1782217
            ],
            [
              16.2694638,
              48.1782288
            ],
            [
              16.2694381,
              48.1782527
            ],
            [
              16.2694516,
              48.1782817
            ],
            [
              16.2694862,
              48.1782755
            ],
            [
              16.2695314,
              48.1783764
            ]
          ]
        ]
      }
    },
    {
      "type": "Feature",
      "id": "way/616114141",
      "properties": {
        "addr:city": "Wien",
        "addr:country": "AT",
        "addr:housenumber": "73",
        "addr:postcode": "1130",
        "addr:street": "Jagdschloßgasse",
        "addr:unit": "2",
        "building": "apartments",
        "osm_id": "way/616114141"
      },
      "geometry": {
        "type": "Polygon",
        "coordinates": [
          [
            [
              16.2691534,
              48.1783269
            ],
            [
              16.2692214,
              48.1783136
            ],
            [
              16.2691923,
              48.1783361
            ],
            [
              16.2692235,
              48.1783536
            ],
            [
              16.2693841,
              48.1782407
            ],
            [
              16.2693321,
              48.178208
            ],
            [
              16.2693735,
              48.1782139
            ],
            [
              16.2693832,
              48.1781863
            ],
            [
              16.2691564,
              48.1781502
            ],
            [
              16.2691382,
              48.1781967
            ],
            [
              16.2691268,
              48.1781722
            ],
            [
              16.2690858,
              48.1781793
            ],
            [
              16.2690601,
              48.1782032
            ],
            [
              16.2690736,
              48.1782322
            ],
            [
              16.2691082,
              48.178226
            ],
            [
              16.2691534,
              48.1783269
            ]
          ]
        ]
      }
    },
    {
      "type": "Feature",
      "id": "way/641968125",
      "properties": {
        "addr:city": "Wien",
        "addr:country": "AT",
        "addr:housenumber": "17",
        "addr:postcode": "1130",
        "addr:street": "In der Hagenau",
        "at_bev:addr_date": "2017-10-01",
        "building": "yes",
        "osm_id": "way/641968125"
      },
      "geometry": {
        "type": "Polygon",
        "coordinates": [
          [
            [
              16.2713326,
              48.1796801
            ],
            [
              16.2714723,
              48.1796644
            ],
            [
              16.2714459,
              48.1795599
            ],
            [
              16.2713062,
              48.1795756
            ],
            [
              16.2713326,
              48.1796801
            ]
          ]
        ]
      }
    },
    {
      "type": "Feature",
      "id": "way/641968126",
      "properties": {
        "addr:city": "Wien",
        "addr:country": "AT",
        "addr:housenumber": "21",
        "addr:postcode": "1130",
        "addr:street": "In der Hagenau",
        "at_bev:addr_date": "2017-10-01",
        "building": "yes",
        "osm_id": "way/641968126"
      },
      "geometry": {
        "type": "Polygon",
        "coordinates": [
          [
            [
              16.2712175,
              48.1795855
            ],
            [
              16.2711191,
              48.1795966
            ],
            [
              16.2711455,
              48.1797011
            ],
            [
              16.2712439,
              48.1796901
            ],
            [
              16.2712175,
              48.1795855
            ]
          ]
        ]
      }
    },
    {
      "type": "Feature",
      "id": "way/641968127",
      "properties": {
        "addr:city": "Wien",
        "addr:country": "AT",
        "addr:housenumber": "23",
        "addr:postcode": "1130",
        "addr:street": "In der Hagenau",
        "at_bev:addr_date": "2017-10-01",
        "building": "yes",
        "osm_id": "way/641968127"
      },
      "geometry": {
        "type": "Polygon",
        "coordinates": [
          [
            [
              16.2711191,
              48.1795966
            ],
            [
              16.2709079,
              48.1796204
            ],
            [
              16.2709343,
              48.1797249
            ],
            [
              16.2711455,
              48.1797011
            ],
            [
              16.2711191,
              48.1795966
            ]
          ]
        ]
      }
    },
    {
      "type": "Feature",
      "id": "way/641968128",
      "properties": {
        "addr:city": "Wien",
        "addr:country": "AT",
        "addr:housenumber": "13",
        "addr:postcode": "1130",
        "addr:street": "In der Hagenau",
        "at_bev:addr_date": "2017-10-01",
        "building": "yes",
        "osm_id": "way/641968128"
      },
      "geometry": {
        "type": "Polygon",
        "coordinates": [
          [
            [
              16.2717149,
              48.1796299
            ],
            [
              16.2718515,
              48.1796133
            ],
            [
              16.2718179,
              48.1794908
            ],
            [
              16.2716813,
              48.1795074
            ],
            [
              16.2717149,
              48.1796299
            ]
          ]
        ]
      }
    },
    {
      "type": "Feature",
      "id": "way/641968129",
      "properties": {
        "addr:city": "Wien",
        "addr:country": "AT",
        "addr:housenumber": "15",
        "addr:postcode": "1130",
        "addr:street": "In der Hagenau",
        "at_bev:addr_date": "2017-10-01",
        "building": "yes",
        "osm_id": "way/641968129"
      },
      "geometry": {
        "type": "Polygon",
        "coordinates": [
          [
            [
              16.2716813,
              48.1795074
            ],
            [
              16.2715512,
              48.1795233
            ],
            [
              16.2715848,
              48.1796458
            ],
            [
              16.2717149,
              48.1796299
            ],
            [
              16.2716813,
              48.1795074
            ]
          ]
        ]
      }
    },
    {
      "type": "Feature",
      "id": "way/641968130",
      "properties": {
        "addr:city": "Wien",
        "addr:country": "AT",
        "addr:housenumber": "19",
        "addr:postcode": "1130",
        "addr:street": "In der Hagenau",
        "at_bev:addr_date": "2017-10-01",
        "building": "yes",
        "osm_id": "way/641968130"
      },
      "geometry": {
        "type": "Polygon",
        "coordinates": [
          [
            [
              16.2713062,
              48.1795756
            ],
            [
              16.2712175,
              48.1795855
            ],
            [
              16.2712439,
              48.1796901
            ],
            [
              16.2713326,
              48.1796801
            ],
            [
              16.2713062,
              48.1795756
            ]
          ]
        ]
      }
    },
    {
      "type": "Feature",
      "id": "way/641968131",
      "properties": {
        "addr:city": "Wien",
        "addr:country": "AT",
        "addr:housenumber": "3",
        "addr:postcode": "1130",
        "addr:street": "In der Hagenau",
        "at_bev:addr_date": "2017-10-01",
        "building": "yes",
        "source": "wien.at",
        "osm_id": "way/641968131"
      },
      "geometry": {
        "type": "Polygon",
        "coordinates": [
          [
            [
              16.2724478,
              48.1798157
            ],
            [
              16.2724284,
              48.1797487
            ],
            [
              16.2722915,
              48.1797663
            ],
            [
              16.2723098,
              48.1798295
            ],
            [
              16.2724478,
              48.1798157
            ]
          ]
        ]
      }
    },
    {
      "type": "Feature",
      "id": "way/641968134",
      "properties": {
        "addr:city": "Wien",
        "addr:country": "AT",
        "addr:housenumber": "38",
        "addr:postcode": "1130",
        "addr:street": "Gobergasse",
        "at_bev:addr_date": "2017-10-01",
        "building": "yes",
        "osm_id": "way/641968134"
      },
      "geometry": {
        "type": "Polygon",
        "coordinates": [
          [
            [
              16.2738982,
              48.1790645
            ],
            [
              16.2740819,
              48.1790403
            ],
            [
              16.2740456,
              48.1789175
            ],
            [
              16.2738619,
              48.1789416
            ],
            [
              16.2738982,
              48.1790645
            ]
          ]
        ]
      }
    },
    {
      "type": "Feature",
      "id": "way/641968140",
      "properties": {
        "addr:city": "Wien",
        "addr:country": "AT",
        "addr:housenumber": "35",
        "addr:postcode": "1130",
        "addr:street": "Gobergasse",
        "at_bev:addr_date": "2017-10-01",
        "building": "yes",
        "osm_id": "way/641968140"
      },
      "geometry": {
        "type": "Polygon",
        "coordinates": [
          [
            [
              16.274263,
              48.1786621
            ],
            [
              16.2746184,
              48.1786326
            ],
            [
              16.2745851,
              48.1784542
            ],
            [
              16.2742297,
              48.1784838
            ],
            [
              16.274263,
              48.1786621
            ]
          ]
        ]
      }
    },
    {
      "type": "Feature",
      "id": "way/655740473",
      "properties": {
        "building": "yes",
        "osm_id": "way/655740473"
      },
      "geometry": {
        "type": "Polygon",
        "coordinates": [
          [
            [
              16.2709659,
              48.1767387
            ],
            [
              16.2710063,
              48.1767158
            ],
            [
              16.2709593,
              48.1766789
            ],
            [
              16.2709189,
              48.1767018
            ],
            [
              16.2709659,
              48.1767387
            ]
          ]
        ]
      }
    },
    {
      "type": "Feature",
      "id": "way/655740474",
      "properties": {
        "building": "detached",
        "osm_id": "way/655740474"
      },
      "geometry": {
        "type": "Polygon",
        "coordinates": [
          [
            [
              16.2696329,
              48.17805
            ],
            [
              16.2696345,
              48.1780502
            ],
            [
              16.2696459,
              48.1780099
            ],
            [
              16.2695359,
              48.1779961
            ],
            [
              16.2695245,
              48.1780363
            ],
            [
              16.2695703,
              48.1780421
            ],
            [
              16.2695634,
              48.1780665
            ],
            [
              16.2696261,
              48.1780743
            ],
            [
              16.2696329,
              48.17805
            ]
          ]
        ]
      }
    },
    {
      "type": "Feature",
      "id": "way/847236376",
      "properties": {
        "addr:city": "Wien",
        "addr:country": "AT",
        "addr:housenumber": "23",
        "addr:postcode": "1130",
        "addr:street": "Wilhelm-Leibl-Gasse",
        "building": "house",
        "osm_id": "way/847236376"
      },
      "geometry": {
        "type": "Polygon",
        "coordinates": [
          [
            [
              16.2769781,
              48.1762928
            ],
            [
              16.2769707,
              48.1762565
            ],
            [
              16.2769036,
              48.1762626
            ],
            [
              16.2769111,
              48.1762989
            ],
            [
              16.2769224,
              48.1763518
            ],
            [
              16.2769888,
              48.1763458
            ],
            [
              16.2769781,
              48.1762928
            ]
          ]
        ]
      }
    },
    {
      "type": "Feature",
      "id": "way/847236377",
      "properties": {
        "addr:city": "Wien",
        "addr:country": "AT",
        "addr:housenumber": "25",
        "addr:postcode": "1130",
        "addr:street": "Wilhelm-Leibl-Gasse",
        "building": "house",
        "osm_id": "way/847236377"
      },
      "geometry": {
        "type": "Polygon",
        "coordinates": [
          [
            [
              16.2769111,
              48.1762989
            ],
            [
              16.2768451,
              48.1763049
            ],
            [
              16.2768568,
              48.1763577
            ],
            [
              16.2768647,
              48.176357
            ],
            [
              16.2768682,
              48.176374
            ],
            [
              16.2769098,
              48.1763703
            ],
            [
              16.2769064,
              48.1763532
            ],
            [
              16.2769224,
              48.1763518
            ],
            [
              16.2769111,
              48.1762989
            ]
          ]
        ]
      }
    },
    {
      "type": "Feature",
      "id": "way/847236378",
      "properties": {
        "addr:city": "Wien",
        "addr:country": "AT",
        "addr:housenumber": "27",
        "addr:postcode": "1130",
        "addr:street": "Wilhelm-Leibl-Gasse",
        "building": "house",
        "osm_id": "way/847236378"
      },
      "geometry": {
        "type": "Polygon",
        "coordinates": [
          [
            [
              16.2768451,
              48.1763049
            ],
            [
              16.2768378,
              48.1762692
            ],
            [
              16.2767736,
              48.176275
            ],
            [
              16.2767809,
              48.1763107
            ],
            [
              16.2767922,
              48.1763635
            ],
            [
              16.2768076,
              48.1763621
            ],
            [
              16.276811,
              48.1763788
            ],
            [
              16.2768527,
              48.1763751
            ],
            [
              16.2768493,
              48.1763583
            ],
            [
              16.2768568,
              48.1763577
            ],
            [
              16.2768451,
              48.1763049
            ]
          ]
        ]
      }
    },
    {
      "type": "Feature",
      "id": "way/847236379",
      "properties": {
        "addr:city": "Wien",
        "addr:country": "AT",
        "addr:housenumber": "29",
        "addr:postcode": "1130",
        "addr:street": "Wilhelm-Leibl-Gasse",
        "building": "house",
        "osm_id": "way/847236379"
      },
      "geometry": {
        "type": "Polygon",
        "coordinates": [
          [
            [
              16.2767809,
              48.1763107
            ],
            [
              16.2767152,
              48.1763167
            ],
            [
              16.2767277,
              48.1763693
            ],
            [
              16.2767922,
              48.1763635
            ],
            [
              16.2767809,
              48.1763107
            ]
          ]
        ]
      }
    },
    {
      "type": "Feature",
      "id": "way/847236380",
      "properties": {
        "addr:city": "Wien",
        "addr:country": "AT",
        "addr:housenumber": "31",
        "addr:postcode": "1130",
        "addr:street": "Wilhelm-Leibl-Gasse",
        "building": "house",
        "osm_id": "way/847236380"
      },
      "geometry": {
        "type": "Polygon",
        "coordinates": [
          [
            [
              16.2767152,
              48.1763167
            ],
            [
              16.2766482,
              48.1763228
            ],
            [
              16.2766598,
              48.1763754
            ],
            [
              16.2766755,
              48.1763739
            ],
            [
              16.2766795,
              48.1763936
            ],
            [
              16.2767215,
              48.1763898
            ],
            [
              16.2767175,
              48.1763702
            ],
            [
              16.2767277,
              48.1763693
            ],
            [
              16.2767152,
              48.1763167
            ]
          ]
        ]
      }
    },
    {
      "type": "Feature",
      "id": "way/847236381",
      "properties": {
        "addr:city": "Wien",
        "addr:country": "AT",
        "addr:housenumber": "33",
        "addr:postcode": "1130",
        "addr:street": "Wilhelm-Leibl-Gasse",
        "building": "house",
        "osm_id": "way/847236381"
      },
      "geometry": {
        "type": "Polygon",
        "coordinates": [
          [
            [
              16.2766482,
              48.1763228
            ],
            [
              16.2766412,
              48.1762876
            ],
            [
              16.2765773,
              48.1762933
            ],
            [
              16.2765954,
              48.176381
            ],
            [
              16.2766048,
              48.1763801
            ],
            [
              16.2766082,
              48.1763971
            ],
            [
              16.2766454,
              48.1763938
            ],
            [
              16.276642,
              48.176377
            ],
            [
              16.2766598,
              48.1763754
            ],
            [
              16.2766482,
              48.1763228
            ]
          ]
        ]
      }
    },
    {
      "type": "Feature",
      "id": "way/847236382",
      "properties": {
        "addr:city": "Wien",
        "addr:country": "AT",
        "addr:housenumber": "35",
        "addr:postcode": "1130",
        "addr:street": "Wilhelm-Leibl-Gasse",
        "building": "house",
        "osm_id": "way/847236382"
      },
      "geometry": {
        "type": "Polygon",
        "coordinates": [
          [
            [
              16.2765773,
              48.1762933
            ],
            [
              16.2765103,
              48.1762992
            ],
            [
              16.2765173,
              48.1763344
            ],
            [
              16.2765294,
              48.1763869
            ],
            [
              16.2765507,
              48.176385
            ],
            [
              16.2765541,
              48.1764017
            ],
            [
              16.2765888,
              48.1763986
            ],
            [
              16.2765854,
              48.1763819
            ],
            [
              16.2765954,
              48.176381
            ],
            [
              16.2765773,
              48.1762933
            ]
          ]
        ]
      }
    },
    {
      "type": "Feature",
      "id": "way/847236383",
      "properties": {
        "addr:city": "Wien",
        "addr:country": "AT",
        "addr:housenumber": "37",
        "addr:postcode": "1130",
        "addr:street": "Wilhelm-Leibl-Gasse",
        "building": "house",
        "osm_id": "way/847236383"
      },
      "geometry": {
        "type": "Polygon",
        "coordinates": [
          [
            [
              16.2765173,
              48.1763344
            ],
            [
              16.2764508,
              48.1763406
            ],
            [
              16.2764633,
              48.1763929
            ],
            [
              16.2765294,
              48.1763869
            ],
            [
              16.2765173,
              48.1763344
            ]
          ]
        ]
      }
    },
    {
      "type": "Feature",
      "id": "way/847236384",
      "properties": {
        "addr:city": "Wien",
        "addr:country": "AT",
        "addr:housenumber": "39",
        "addr:postcode": "1130",
        "addr:street": "Wilhelm-Leibl-Gasse",
        "building": "house",
        "osm_id": "way/847236384"
      },
      "geometry": {
        "type": "Polygon",
        "coordinates": [
          [
            [
              16.2764508,
              48.1763406
            ],
            [
              16.2763878,
              48.1763465
            ],
            [
              16.2764007,
              48.1763985
            ],
            [
              16.276414,
              48.1763973
            ],
            [
              16.2764175,
              48.1764148
            ],
            [
              16.2764601,
              48.176411
            ],
            [
              16.2764565,
              48.1763935
            ],
            [
              16.2764633,
              48.1763929
            ],
            [
              16.2764508,
              48.1763406
            ]
          ]
        ]
      }
    },
    {
      "type": "Feature",
      "id": "way/847236385",
      "properties": {
        "addr:city": "Wien",
        "addr:country": "AT",
        "addr:housenumber": "41",
        "addr:postcode": "1130",
        "addr:street": "Wilhelm-Leibl-Gasse",
        "building": "house",
        "osm_id": "way/847236385"
      },
      "geometry": {
        "type": "Polygon",
        "coordinates": [
          [
            [
              16.2763878,
              48.1763465
            ],
            [
              16.2763228,
              48.1763525
            ],
            [
              16.2763351,
              48.1764043
            ],
            [
              16.2763429,
              48.1764036
            ],
            [
              16.2763464,
              48.176421
            ],
            [
              16.2763907,
              48.176417
            ],
            [
              16.2763873,
              48.1763997
            ],
            [
              16.2764007,
              48.1763985
            ],
            [
              16.2763878,
              48.1763465
            ]
          ]
        ]
      }
    },
    {
      "type": "Feature",
      "id": "way/847236386",
      "properties": {
        "addr:city": "Wien",
        "addr:country": "AT",
        "addr:housenumber": "43",
        "addr:postcode": "1130",
        "addr:street": "Wilhelm-Leibl-Gasse",
        "building": "house",
        "osm_id": "way/847236386"
      },
      "geometry": {
        "type": "Polygon",
        "coordinates": [
          [
            [
              16.2763228,
              48.1763525
            ],
            [
              16.2762498,
              48.1763593
            ],
            [
              16.2762591,
              48.1763905
            ],
            [
              16.2762631,
              48.1764107
            ],
            [
              16.276284,
              48.1764089
            ],
            [
              16.2762877,
              48.1764274
            ],
            [
              16.2763302,
              48.1764236
            ],
            [
              16.2763265,
              48.1764051
            ],
            [
              16.2763351,
              48.1764043
            ],
            [
              16.2763228,
              48.1763525
            ]
          ]
        ]
      }
    },
    {
      "type": "Feature",
      "id": "way/847236387",
      "properties": {
        "addr:city": "Wien",
        "addr:country": "AT",
        "addr:housenumber": "132",
        "addr:postcode": "1130",
        "addr:street": "Faistauergasse",
        "building": "house",
        "osm_id": "way/847236387"
      },
      "geometry": {
        "type": "Polygon",
        "coordinates": [
          [
            [
              16.2762498,
              48.1763593
            ],
            [
              16.2762431,
              48.1763405
            ],
            [
              16.276166,
              48.1763536
            ],
            [
              16.2761687,
              48.1763603
            ],
            [
              16.2761419,
              48.1763651
            ],
            [
              16.276154,
              48.1763946
            ],
            [
              16.2761807,
              48.1763897
            ],
            [
              16.2761827,
              48.1763991
            ],
            [
              16.2762591,
              48.1763905
            ],
            [
              16.2762498,
              48.1763593
            ]
          ]
        ]
      }
    },
    {
      "type": "Feature",
      "id": "way/847236388",
      "properties": {
        "addr:city": "Wien",
        "addr:country": "AT",
        "addr:housenumber": "122",
        "addr:postcode": "1130",
        "addr:street": "Faistauergasse",
        "building": "house",
        "osm_id": "way/847236388"
      },
      "geometry": {
        "type": "Polygon",
        "coordinates": [
          [
            [
              16.2761194,
              48.1761512
            ],
            [
              16.2761278,
              48.1761613
            ],
            [
              16.2760577,
              48.1761872
            ],
            [
              16.2760285,
              48.1761541
            ],
            [
              16.2760938,
              48.1761231
            ],
            [
              16.2761194,
              48.1761512
            ]
          ]
        ]
      }
    },
    {
      "type": "Feature",
      "id": "way/847236389",
      "properties": {
        "addr:city": "Wien",
        "addr:country": "AT",
        "addr:housenumber": "124",
        "addr:postcode": "1130",
        "addr:street": "Faistauergasse",
        "building": "house",
        "osm_id": "way/847236389"
      },
      "geometry": {
        "type": "Polygon",
        "coordinates": [
          [
            [
              16.2761278,
              48.1761613
            ],
            [
              16.2761656,
              48.1762053
            ],
            [
              16.2760962,
              48.176232
            ],
            [
              16.2760902,
              48.1762236
            ],
            [
              16.2760661,
              48.1762331
            ],
            [
              16.2760443,
              48.1762088
            ],
            [
              16.2760684,
              48.1761992
            ],
            [
              16.2760577,
              48.1761872
            ],
            [
              16.2761278,
              48.1761613
            ]
          ]
        ]
      }
    },
    {
      "type": "Feature",
      "id": "way/847236392",
      "properties": {
        "addr:city": "Wien",
        "addr:country": "AT",
        "addr:housenumber": "128",
        "addr:postcode": "1130",
        "addr:street": "Faistauergasse",
        "building": "house",
        "osm_id": "way/847236392"
      },
      "geometry": {
        "type": "Polygon",
        "coordinates": [
          [
            [
              16.2761489,
              48.1763119
            ],
            [
              16.2761455,
              48.1763036
            ],
            [
              16.2761197,
              48.176311
            ],
            [
              16.2761012,
              48.1762822
            ],
            [
              16.276127,
              48.1762748
            ],
            [
              16.2761238,
              48.1762704
            ],
            [
              16.2761975,
              48.1762495
            ],
            [
              16.2762246,
              48.1762974
            ],
            [
              16.2761489,
              48.1763119
            ]
          ]
        ]
      }
    },
    {
      "type": "Feature",
      "id": "way/847236393",
      "properties": {
        "addr:city": "Wien",
        "addr:country": "AT",
        "addr:housenumber": "126",
        "addr:postcode": "1130",
        "addr:street": "Faistauergasse",
        "building": "house",
        "osm_id": "way/847236393"
      },
      "geometry": {
        "type": "Polygon",
        "coordinates": [
          [
            [
              16.2761238,
              48.1762704
            ],
            [
              16.2761207,
              48.176266
            ],
            [
              16.2760959,
              48.1762739
            ],
            [
              16.2760774,
              48.1762482
            ],
            [
              16.2761022,
              48.1762403
            ],
            [
              16.2760962,
              48.176232
            ],
            [
              16.2761656,
              48.1762053
            ],
            [
              16.2761975,
              48.1762495
            ],
            [
              16.2761238,
              48.1762704
            ]
          ]
        ]
      }
    },
    {
      "type": "Feature",
      "id": "way/847236394",
      "properties": {
        "addr:city": "Wien",
        "addr:country": "AT",
        "addr:housenumber": "130",
        "addr:postcode": "1130",
        "addr:street": "Faistauergasse",
        "building": "house",
        "osm_id": "way/847236394"
      },
      "geometry": {
        "type": "Polygon",
        "coordinates": [
          [
            [
              16.276166,
              48.1763536
            ],
            [
              16.2761632,
              48.1763468
            ],
            [
              16.2761373,
              48.1763515
            ],
            [
              16.2761268,
              48.1763257
            ],
            [
              16.2761526,
              48.1763211
            ],
            [
              16.2761489,
              48.1763119
            ],
            [
              16.2762246,
              48.1762974
            ],
            [
              16.2762431,
              48.1763405
            ],
            [
              16.276166,
              48.1763536
            ]
          ]
        ]
      }
    },
    {
      "type": "Feature",
      "id": "way/847261496",
      "properties": {
        "addr:city": "Wien",
        "addr:country": "AT",
        "addr:housenumber": "170",
        "addr:postcode": "1130",
        "addr:street": "Wolkersbergenstraße",
        "building": "apartments",
        "building:levels": "2",
        "roof:levels": "1",
        "osm_id": "way/847261496"
      },
      "geometry": {
        "type": "Polygon",
        "coordinates": [
          [
            [
              16.2732754,
              48.1767605
            ],
            [
              16.2733147,
              48.1767218
            ],
            [
              16.2734293,
              48.1767716
            ],
            [
              16.2734345,
              48.176844
            ],
            [
              16.2734472,
              48.176844
            ],
            [
              16.2734482,
              48.1768685
            ],
            [
              16.2736078,
              48.1768659
            ],
            [
              16.2736102,
              48.176943
            ],
            [
              16.2733017,
              48.1769486
            ],
            [
              16.2732957,
              48.1767796
            ],
            [
              16.2732903,
              48.1767696
            ],
            [
              16.2732826,
              48.1767643
            ],
            [
              16.2732754,
              48.1767605
            ]
          ]
        ]
      }
    },
    {
      "type": "Feature",
      "id": "way/847261497",
      "properties": {
        "addr:city": "Wien",
        "addr:country": "AT",
        "addr:housenumber": "168",
        "addr:postcode": "1130",
        "addr:street": "Wolkersbergenstraße",
        "building": "apartments",
        "building:levels": "2",
        "roof:levels": "1",
        "osm_id": "way/847261497"
      },
      "geometry": {
        "type": "Polygon",
        "coordinates": [
          [
            [
              16.2733147,
              48.1767218
            ],
            [
              16.2734293,
              48.1767716
            ],
            [
              16.2734798,
              48.1767199
            ],
            [
              16.273493,
              48.1767257
            ],
            [
              16.2735194,
              48.1766986
            ],
            [
              16.2735058,
              48.1766927
            ],
            [
              16.2735617,
              48.1766354
            ],
            [
              16.2734475,
              48.1765858
            ],
            [
              16.2733147,
              48.1767218
            ]
          ]
        ]
      }
    },
    {
      "type": "Feature",
      "id": "way/847261498",
      "properties": {
        "addr:city": "Wien",
        "addr:country": "AT",
        "addr:housenumber": "166",
        "addr:postcode": "1130",
        "addr:street": "Wolkersbergenstraße",
        "building": "apartments",
        "building:levels": "2",
        "roof:levels": "1",
        "osm_id": "way/847261498"
      },
      "geometry": {
        "type": "Polygon",
        "coordinates": [
          [
            [
              16.2734475,
              48.1765858
            ],
            [
              16.2735617,
              48.1766354
            ],
            [
              16.2736182,
              48.1765776
            ],
            [
              16.2736302,
              48.1765828
            ],
            [
              16.2736557,
              48.1765567
            ],
            [
              16.2736426,
              48.176551
            ],
            [
              16.2736995,
              48.1764928
            ],
            [
              16.2736913,
              48.1764893
            ],
            [
              16.2735864,
              48.1764437
            ],
            [
              16.2734475,
              48.1765858
            ]
          ]
        ]
      }
    },
    {
      "type": "Feature",
      "id": "way/847261499",
      "properties": {
        "addr:city": "Wien",
        "addr:country": "AT",
        "addr:housenumber": "164",
        "addr:postcode": "1130",
        "addr:street": "Wolkersbergenstraße",
        "building": "house",
        "building:levels": "2",
        "roof:levels": "1",
        "osm_id": "way/847261499"
      },
      "geometry": {
        "type": "Polygon",
        "coordinates": [
          [
            [
              16.2736913,
              48.1764893
            ],
            [
              16.2735864,
              48.1764437
            ],
            [
              16.2736261,
              48.1764031
            ],
            [
              16.273731,
              48.1764486
            ],
            [
              16.2736913,
              48.1764893
            ]
          ]
        ]
      }
    },
    {
      "type": "Feature",
      "id": "way/847261500",
      "properties": {
        "addr:city": "Wien",
        "addr:country": "AT",
        "addr:housenumber": "162",
        "addr:postcode": "1130",
        "addr:street": "Wolkersbergenstraße",
        "building": "house",
        "building:levels": "2",
        "roof:levels": "1",
        "osm_id": "way/847261500"
      },
      "geometry": {
        "type": "Polygon",
        "coordinates": [
          [
            [
              16.2737661,
              48.1764115
            ],
            [
              16.2737748,
              48.1764153
            ],
            [
              16.2737389,
              48.1764521
            ],
            [
              16.273731,
              48.1764486
            ],
            [
              16.2736261,
              48.1764031
            ],
            [
              16.2736078,
              48.1763951
            ],
            [
              16.2736207,
              48.1763819
            ],
            [
              16.2736377,
              48.1763893
            ],
            [
              16.2736608,
              48.1763658
            ],
            [
              16.2737661,
              48.1764115
            ]
          ]
        ]
      }
    },
    {
      "type": "Feature",
      "id": "way/847261501",
      "properties": {
        "addr:city": "Wien",
        "addr:country": "AT",
        "addr:housenumber": "160",
        "addr:postcode": "1130",
        "addr:street": "Wolkersbergenstraße",
        "building": "house",
        "building:levels": "2",
        "roof:levels": "1",
        "osm_id": "way/847261501"
      },
      "geometry": {
        "type": "Polygon",
        "coordinates": [
          [
            [
              16.2737661,
              48.1764115
            ],
            [
              16.2738036,
              48.1763732
            ],
            [
              16.273678,
              48.1763186
            ],
            [
              16.2736559,
              48.1763413
            ],
            [
              16.2736761,
              48.17635
            ],
            [
              16.2736608,
              48.1763658
            ],
            [
              16.2737661,
              48.1764115
            ]
          ]
        ]
      }
    },
    {
      "type": "Feature",
      "id": "way/847261502",
      "properties": {
        "addr:city": "Wien",
        "addr:country": "AT",
        "addr:housenumber": "158",
        "addr:postcode": "1130",
        "addr:street": "Wolkersbergenstraße",
        "building": "house",
        "building:levels": "2",
        "roof:levels": "1",
        "osm_id": "way/847261502"
      },
      "geometry": {
        "type": "Polygon",
        "coordinates": [
          [
            [
              16.273678,
              48.1763186
            ],
            [
              16.2738036,
              48.1763732
            ],
            [
              16.2738394,
              48.1763365
            ],
            [
              16.2737335,
              48.1762904
            ],
            [
              16.2737179,
              48.1763064
            ],
            [
              16.2736983,
              48.1762979
            ],
            [
              16.273678,
              48.1763186
            ]
          ]
        ]
      }
    },
    {
      "type": "Feature",
      "id": "way/847261503",
      "properties": {
        "addr:city": "Wien",
        "addr:country": "AT",
        "addr:housenumber": "156",
        "addr:postcode": "1130",
        "addr:street": "Wolkersbergenstraße",
        "building": "house",
        "building:levels": "2",
        "roof:levels": "1",
        "osm_id": "way/847261503"
      },
      "geometry": {
        "type": "Polygon",
        "coordinates": [
          [
            [
              16.2738473,
              48.1763399
            ],
            [
              16.2738394,
              48.1763365
            ],
            [
              16.2737335,
              48.1762904
            ],
            [
              16.2737478,
              48.1762757
            ],
            [
              16.2737277,
              48.176267
            ],
            [
              16.2737494,
              48.1762447
            ],
            [
              16.2738833,
              48.1763029
            ],
            [
              16.2738473,
              48.1763399
            ]
          ]
        ]
      }
    },
    {
      "type": "Feature",
      "id": "way/847261504",
      "properties": {
        "addr:city": "Wien",
        "addr:country": "AT",
        "addr:housenumber": "154",
        "addr:postcode": "1130",
        "addr:street": "Wolkersbergenstraße",
        "building": "house",
        "building:levels": "2",
        "roof:levels": "1",
        "osm_id": "way/847261504"
      },
      "geometry": {
        "type": "Polygon",
        "coordinates": [
          [
            [
              16.2737494,
              48.1762447
            ],
            [
              16.2738833,
              48.1763029
            ],
            [
              16.273919,
              48.1762664
            ],
            [
              16.2738048,
              48.1762168
            ],
            [
              16.2737899,
              48.1762321
            ],
            [
              16.2737701,
              48.1762236
            ],
            [
              16.2737494,
              48.1762447
            ]
          ]
        ]
      }
    },
    {
      "type": "Feature",
      "id": "way/847261505",
      "properties": {
        "addr:city": "Wien",
        "addr:country": "AT",
        "addr:housenumber": "152",
        "addr:postcode": "1130",
        "addr:street": "Wolkersbergenstraße",
        "building": "house",
        "building:levels": "2",
        "roof:levels": "1",
        "osm_id": "way/847261505"
      },
      "geometry": {
        "type": "Polygon",
        "coordinates": [
          [
            [
              16.2738048,
              48.1762168
            ],
            [
              16.273919,
              48.1762664
            ],
            [
              16.2739549,
              48.1762296
            ],
            [
              16.2738202,
              48.1761711
            ],
            [
              16.2737994,
              48.1761924
            ],
            [
              16.27382,
              48.1762013
            ],
            [
              16.2738048,
              48.1762168
            ]
          ]
        ]
      }
    },
    {
      "type": "Feature",
      "id": "way/847261506",
      "properties": {
        "addr:city": "Wien",
        "addr:country": "AT",
        "addr:housenumber": "150",
        "addr:postcode": "1130",
        "addr:street": "Wolkersbergenstraße",
        "building": "house",
        "building:levels": "2",
        "roof:levels": "1",
        "osm_id": "way/847261506"
      },
      "geometry": {
        "type": "Polygon",
        "coordinates": [
          [
            [
              16.2738202,
              48.1761711
            ],
            [
              16.2739549,
              48.1762296
            ],
            [
              16.2739935,
              48.1761901
            ],
            [
              16.2738784,
              48.1761401
            ],
            [
              16.2738615,
              48.1761575
            ],
            [
              16.2738419,
              48.1761489
            ],
            [
              16.2738202,
              48.1761711
            ]
          ]
        ]
      }
    },
    {
      "type": "Feature",
      "id": "way/847261555",
      "properties": {
        "addr:city": "Wien",
        "addr:country": "AT",
        "addr:housenumber": "47",
        "addr:postcode": "1130",
        "addr:street": "Engelhartgasse",
        "building": "house",
        "building:levels": "2",
        "roof:levels": "1",
        "osm_id": "way/847261555"
      },
      "geometry": {
        "type": "Polygon",
        "coordinates": [
          [
            [
              16.2736827,
              48.1769316
            ],
            [
              16.2736991,
              48.1769311
            ],
            [
              16.2737002,
              48.1769488
            ],
            [
              16.2737427,
              48.1769476
            ],
            [
              16.2737415,
              48.1769297
            ],
            [
              16.273751,
              48.1769294
            ],
            [
              16.273745,
              48.1768344
            ],
            [
              16.2736767,
              48.1768363
            ],
            [
              16.2736827,
              48.1769316
            ]
          ]
        ]
      }
    },
    {
      "type": "Feature",
      "id": "way/847261556",
      "properties": {
        "addr:city": "Wien",
        "addr:country": "AT",
        "addr:housenumber": "45",
        "addr:postcode": "1130",
        "addr:street": "Engelhartgasse",
        "building": "house",
        "building:levels": "2",
        "roof:levels": "1",
        "osm_id": "way/847261556"
      },
      "geometry": {
        "type": "Polygon",
        "coordinates": [
          [
            [
              16.273751,
              48.1769294
            ],
            [
              16.273745,
              48.1768344
            ],
            [
              16.2738127,
              48.1768325
            ],
            [
              16.2738151,
              48.176871
            ],
            [
              16.2738187,
              48.1769272
            ],
            [
              16.273804,
              48.1769277
            ],
            [
              16.2738052,
              48.1769463
            ],
            [
              16.2737617,
              48.1769475
            ],
            [
              16.2737606,
              48.1769291
            ],
            [
              16.273751,
              48.1769294
            ]
          ]
        ]
      }
    },
    {
      "type": "Feature",
      "id": "way/847261557",
      "properties": {
        "addr:city": "Wien",
        "addr:country": "AT",
        "addr:housenumber": "43",
        "addr:postcode": "1130",
        "addr:street": "Engelhartgasse",
        "building": "house",
        "building:levels": "2",
        "roof:levels": "1",
        "osm_id": "way/847261557"
      },
      "geometry": {
        "type": "Polygon",
        "coordinates": [
          [
            [
              16.2738151,
              48.176871
            ],
            [
              16.2738187,
              48.1769272
            ],
            [
              16.2738869,
              48.1769253
            ],
            [
              16.2738833,
              48.176869
            ],
            [
              16.2738151,
              48.176871
            ]
          ]
        ]
      }
    },
    {
      "type": "Feature",
      "id": "way/847261558",
      "properties": {
        "addr:city": "Wien",
        "addr:country": "AT",
        "addr:housenumber": "41",
        "addr:postcode": "1130",
        "addr:street": "Engelhartgasse",
        "building": "house",
        "building:levels": "2",
        "roof:levels": "1",
        "osm_id": "way/847261558"
      },
      "geometry": {
        "type": "Polygon",
        "coordinates": [
          [
            [
              16.2738869,
              48.1769253
            ],
            [
              16.2738833,
              48.176869
            ],
            [
              16.2738945,
              48.1768687
            ],
            [
              16.2738928,
              48.1768419
            ],
            [
              16.2739472,
              48.1768403
            ],
            [
              16.2739487,
              48.1768652
            ],
            [
              16.2739524,
              48.1769235
            ],
            [
              16.2738869,
              48.1769253
            ]
          ]
        ]
      }
    },
    {
      "type": "Feature",
      "id": "way/847261559",
      "properties": {
        "addr:city": "Wien",
        "addr:country": "AT",
        "addr:housenumber": "39",
        "addr:postcode": "1130",
        "addr:street": "Engelhartgasse",
        "building": "house",
        "building:levels": "2",
        "roof:levels": "1",
        "osm_id": "way/847261559"
      },
      "geometry": {
        "type": "Polygon",
        "coordinates": [
          [
            [
              16.2739487,
              48.1768652
            ],
            [
              16.2739524,
              48.1769235
            ],
            [
              16.2739733,
              48.1769229
            ],
            [
              16.2739744,
              48.17694
            ],
            [
              16.2740162,
              48.1769389
            ],
            [
              16.2740151,
              48.1769207
            ],
            [
              16.2740252,
              48.1769204
            ],
            [
              16.2740216,
              48.1768631
            ],
            [
              16.2739487,
              48.1768652
            ]
          ]
        ]
      }
    },
    {
      "type": "Feature",
      "id": "way/847261560",
      "properties": {
        "addr:city": "Wien",
        "addr:country": "AT",
        "addr:housenumber": "37",
        "addr:postcode": "1130",
        "addr:street": "Engelhartgasse",
        "building": "house",
        "building:levels": "2",
        "roof:levels": "1",
        "osm_id": "way/847261560"
      },
      "geometry": {
        "type": "Polygon",
        "coordinates": [
          [
            [
              16.2740252,
              48.1769204
            ],
            [
              16.2740216,
              48.1768631
            ],
            [
              16.2740875,
              48.1768613
            ],
            [
              16.2740911,
              48.1769184
            ],
            [
              16.2740769,
              48.1769188
            ],
            [
              16.2740781,
              48.1769368
            ],
            [
              16.2740355,
              48.176938
            ],
            [
              16.2740344,
              48.1769202
            ],
            [
              16.2740252,
              48.1769204
            ]
          ]
        ]
      }
    },
    {
      "type": "Feature",
      "id": "way/847261561",
      "properties": {
        "addr:city": "Wien",
        "addr:country": "AT",
        "addr:housenumber": "35",
        "addr:postcode": "1130",
        "addr:street": "Engelhartgasse",
        "building": "house",
        "building:levels": "2",
        "roof:levels": "1",
        "osm_id": "way/847261561"
      },
      "geometry": {
        "type": "Polygon",
        "coordinates": [
          [
            [
              16.2740911,
              48.1769184
            ],
            [
              16.2740875,
              48.1768613
            ],
            [
              16.2741529,
              48.1768594
            ],
            [
              16.2741565,
              48.1769166
            ],
            [
              16.2740911,
              48.1769184
            ]
          ]
        ]
      }
    },
    {
      "type": "Feature",
      "id": "way/847261562",
      "properties": {
        "addr:city": "Wien",
        "addr:country": "AT",
        "addr:housenumber": "33",
        "addr:postcode": "1130",
        "addr:street": "Engelhartgasse",
        "building": "house",
        "building:levels": "2",
        "roof:levels": "1",
        "osm_id": "way/847261562"
      },
      "geometry": {
        "type": "Polygon",
        "coordinates": [
          [
            [
              16.2741565,
              48.1769166
            ],
            [
              16.2741529,
              48.1768594
            ],
            [
              16.2742203,
              48.1768575
            ],
            [
              16.2742238,
              48.1769137
            ],
            [
              16.2742085,
              48.1769141
            ],
            [
              16.2742096,
              48.1769326
            ],
            [
              16.2741679,
              48.1769338
            ],
            [
              16.2741668,
              48.1769163
            ],
            [
              16.2741565,
              48.1769166
            ]
          ]
        ]
      }
    },
    {
      "type": "Feature",
      "id": "way/847261563",
      "properties": {
        "addr:city": "Wien",
        "addr:country": "AT",
        "addr:housenumber": "31",
        "addr:postcode": "1130",
        "addr:street": "Engelhartgasse",
        "building": "house",
        "building:levels": "2",
        "roof:levels": "1",
        "osm_id": "way/847261563"
      },
      "geometry": {
        "type": "Polygon",
        "coordinates": [
          [
            [
              16.2742238,
              48.1769137
            ],
            [
              16.2742203,
              48.1768575
            ],
            [
              16.2742857,
              48.1768557
            ],
            [
              16.2742892,
              48.1769114
            ],
            [
              16.2742796,
              48.1769117
            ],
            [
              16.2742808,
              48.1769299
            ],
            [
              16.2742389,
              48.1769311
            ],
            [
              16.2742377,
              48.1769133
            ],
            [
              16.2742238,
              48.1769137
            ]
          ]
        ]
      }
    },
    {
      "type": "Feature",
      "id": "way/847261564",
      "properties": {
        "addr:city": "Wien",
        "addr:country": "AT",
        "addr:housenumber": "29",
        "addr:postcode": "1130",
        "addr:street": "Engelhartgasse",
        "building": "house",
        "building:levels": "2",
        "roof:levels": "1",
        "osm_id": "way/847261564"
      },
      "geometry": {
        "type": "Polygon",
        "coordinates": [
          [
            [
              16.2742892,
              48.1769114
            ],
            [
              16.2742857,
              48.1768557
            ],
            [
              16.2743513,
              48.1768538
            ],
            [
              16.2743548,
              48.1769091
            ],
            [
              16.2743403,
              48.1769095
            ],
            [
              16.2743415,
              48.1769279
            ],
            [
              16.2742999,
              48.1769291
            ],
            [
              16.2742987,
              48.1769111
            ],
            [
              16.2742892,
              48.1769114
            ]
          ]
        ]
      }
    },
    {
      "type": "Feature",
      "id": "way/847261565",
      "properties": {
        "addr:city": "Wien",
        "addr:country": "AT",
        "addr:housenumber": "27",
        "addr:postcode": "1130",
        "addr:street": "Engelhartgasse",
        "building": "house",
        "building:levels": "2",
        "roof:levels": "1",
        "osm_id": "way/847261565"
      },
      "geometry": {
        "type": "Polygon",
        "coordinates": [
          [
            [
              16.2743548,
              48.1769091
            ],
            [
              16.2743513,
              48.1768538
            ],
            [
              16.2744166,
              48.176852
            ],
            [
              16.2744201,
              48.1769073
            ],
            [
              16.2743548,
              48.1769091
            ]
          ]
        ]
      }
    },
    {
      "type": "Feature",
      "id": "way/847261566",
      "properties": {
        "addr:city": "Wien",
        "addr:country": "AT",
        "addr:housenumber": "25",
        "addr:postcode": "1130",
        "addr:street": "Engelhartgasse",
        "building": "house",
        "building:levels": "2",
        "roof:levels": "1",
        "osm_id": "way/847261566"
      },
      "geometry": {
        "type": "Polygon",
        "coordinates": [
          [
            [
              16.2744201,
              48.1769073
            ],
            [
              16.2744166,
              48.176852
            ],
            [
              16.2744825,
              48.1768501
            ],
            [
              16.274486,
              48.1769054
            ],
            [
              16.2744201,
              48.1769073
            ]
          ]
        ]
      }
    },
    {
      "type": "Feature",
      "id": "way/847261567",
      "properties": {
        "addr:city": "Wien",
        "addr:country": "AT",
        "addr:housenumber": "23",
        "addr:postcode": "1130",
        "addr:street": "Engelhartgasse",
        "building": "house",
        "building:levels": "2",
        "roof:levels": "1",
        "osm_id": "way/847261567"
      },
      "geometry": {
        "type": "Polygon",
        "coordinates": [
          [
            [
              16.274486,
              48.1769054
            ],
            [
              16.2744825,
              48.1768501
            ],
            [
              16.2744803,
              48.1768152
            ],
            [
              16.2745466,
              48.1768134
            ],
            [
              16.2745487,
              48.1768464
            ],
            [
              16.2745523,
              48.1769029
            ],
            [
              16.2745445,
              48.1769032
            ],
            [
              16.2745457,
              48.1769211
            ],
            [
              16.2745041,
              48.1769223
            ],
            [
              16.274503,
              48.176905
            ],
            [
              16.274486,
              48.1769054
            ]
          ]
        ]
      }
    },
    {
      "type": "Feature",
      "id": "way/847261568",
      "properties": {
        "addr:city": "Wien",
        "addr:country": "AT",
        "addr:housenumber": "21",
        "addr:postcode": "1130",
        "addr:street": "Engelhartgasse",
        "building": "house",
        "building:levels": "2",
        "roof:levels": "1",
        "osm_id": "way/847261568"
      },
      "geometry": {
        "type": "Polygon",
        "coordinates": [
          [
            [
              16.2745523,
              48.1769029
            ],
            [
              16.2745487,
              48.1768464
            ],
            [
              16.2746132,
              48.1768446
            ],
            [
              16.2746168,
              48.1769002
            ],
            [
              16.2746029,
              48.1769006
            ],
            [
              16.2746041,
              48.1769194
            ],
            [
              16.2745627,
              48.1769205
            ],
            [
              16.2745616,
              48.1769027
            ],
            [
              16.2745523,
              48.1769029
            ]
          ]
        ]
      }
    },
    {
      "type": "Feature",
      "id": "way/847261569",
      "properties": {
        "addr:city": "Wien",
        "addr:country": "AT",
        "addr:housenumber": "19",
        "addr:postcode": "1130",
        "addr:street": "Engelhartgasse",
        "building": "house",
        "building:levels": "2",
        "roof:levels": "1",
        "osm_id": "way/847261569"
      },
      "geometry": {
        "type": "Polygon",
        "coordinates": [
          [
            [
              16.2746168,
              48.1769002
            ],
            [
              16.2746132,
              48.1768446
            ],
            [
              16.2746802,
              48.1768427
            ],
            [
              16.2746838,
              48.1768983
            ],
            [
              16.2746168,
              48.1769002
            ]
          ]
        ]
      }
    },
    {
      "type": "Feature",
      "id": "way/847261570",
      "properties": {
        "addr:city": "Wien",
        "addr:country": "AT",
        "addr:housenumber": "17",
        "addr:postcode": "1130",
        "addr:street": "Engelhartgasse",
        "building": "house",
        "building:levels": "2",
        "roof:levels": "1",
        "osm_id": "way/847261570"
      },
      "geometry": {
        "type": "Polygon",
        "coordinates": [
          [
            [
              16.274678,
              48.1768079
            ],
            [
              16.2746802,
              48.1768427
            ],
            [
              16.2746838,
              48.1768983
            ],
            [
              16.2746939,
              48.1768981
            ],
            [
              16.274695,
              48.1769159
            ],
            [
              16.2747379,
              48.1769147
            ],
            [
              16.2747367,
              48.1768962
            ],
            [
              16.2747503,
              48.1768958
            ],
            [
              16.2747446,
              48.176806
            ],
            [
              16.274678,
              48.1768079
            ]
          ]
        ]
      }
    },
    {
      "type": "Feature",
      "id": "way/847261571",
      "properties": {
        "addr:city": "Wien",
        "addr:country": "AT",
        "addr:housenumber": "15",
        "addr:postcode": "1130",
        "addr:street": "Engelhartgasse",
        "building": "house",
        "building:levels": "2",
        "roof:levels": "1",
        "osm_id": "way/847261571"
      },
      "geometry": {
        "type": "Polygon",
        "coordinates": [
          [
            [
              16.2747503,
              48.1768958
            ],
            [
              16.2747446,
              48.176806
            ],
            [
              16.2748116,
              48.1768041
            ],
            [
              16.2748173,
              48.1768937
            ],
            [
              16.2748084,
              48.1768939
            ],
            [
              16.2748095,
              48.1769126
            ],
            [
              16.2747671,
              48.1769138
            ],
            [
              16.2747659,
              48.1768954
            ],
            [
              16.2747503,
              48.1768958
            ]
          ]
        ]
      }
    },
    {
      "type": "Feature",
      "id": "way/847261572",
      "properties": {
        "addr:city": "Wien",
        "addr:country": "AT",
        "addr:housenumber": "13",
        "addr:postcode": "1130",
        "addr:street": "Engelhartgasse",
        "building": "house",
        "building:levels": "2",
        "roof:levels": "1",
        "osm_id": "way/847261572"
      },
      "geometry": {
        "type": "Polygon",
        "coordinates": [
          [
            [
              16.2748834,
              48.1768919
            ],
            [
              16.2748703,
              48.1768922
            ],
            [
              16.2748714,
              48.1769096
            ],
            [
              16.2748285,
              48.1769108
            ],
            [
              16.2748274,
              48.1768934
            ],
            [
              16.2748173,
              48.1768937
            ],
            [
              16.2748116,
              48.1768041
            ],
            [
              16.2748777,
              48.1768022
            ],
            [
              16.2748798,
              48.1768348
            ],
            [
              16.2748834,
              48.1768919
            ]
          ]
        ]
      }
    },
    {
      "type": "Feature",
      "id": "way/847261573",
      "properties": {
        "addr:city": "Wien",
        "addr:country": "AT",
        "addr:housenumber": "11",
        "addr:postcode": "1130",
        "addr:street": "Engelhartgasse",
        "building": "house",
        "building:levels": "2",
        "roof:levels": "1",
        "osm_id": "way/847261573"
      },
      "geometry": {
        "type": "Polygon",
        "coordinates": [
          [
            [
              16.2748834,
              48.1768919
            ],
            [
              16.2748798,
              48.1768348
            ],
            [
              16.2749461,
              48.1768329
            ],
            [
              16.2749497,
              48.1768894
            ],
            [
              16.2749408,
              48.1768897
            ],
            [
              16.274942,
              48.1769073
            ],
            [
              16.2748988,
              48.1769085
            ],
            [
              16.2748977,
              48.1768915
            ],
            [
              16.2748834,
              48.1768919
            ]
          ]
        ]
      }
    },
    {
      "type": "Feature",
      "id": "way/847261574",
      "properties": {
        "addr:city": "Wien",
        "addr:country": "AT",
        "addr:housenumber": "9",
        "addr:postcode": "1130",
        "addr:street": "Engelhartgasse",
        "building": "house",
        "building:levels": "2",
        "roof:levels": "1",
        "osm_id": "way/847261574"
      },
      "geometry": {
        "type": "Polygon",
        "coordinates": [
          [
            [
              16.2749497,
              48.1768894
            ],
            [
              16.2749461,
              48.1768329
            ],
            [
              16.275012,
              48.1768311
            ],
            [
              16.2750155,
              48.1768872
            ],
            [
              16.2750038,
              48.1768876
            ],
            [
              16.2750049,
              48.1769061
            ],
            [
              16.2749604,
              48.1769073
            ],
            [
              16.2749593,
              48.1768892
            ],
            [
              16.2749497,
              48.1768894
            ]
          ]
        ]
      }
    },
    {
      "type": "Feature",
      "id": "way/847261575",
      "properties": {
        "addr:city": "Wien",
        "addr:country": "AT",
        "addr:housenumber": "7",
        "addr:postcode": "1130",
        "addr:street": "Engelhartgasse",
        "building": "house",
        "building:levels": "2",
        "roof:levels": "1",
        "osm_id": "way/847261575"
      },
      "geometry": {
        "type": "Polygon",
        "coordinates": [
          [
            [
              16.2750155,
              48.1768872
            ],
            [
              16.275012,
              48.1768311
            ],
            [
              16.2750776,
              48.1768292
            ],
            [
              16.2750811,
              48.1768847
            ],
            [
              16.2750729,
              48.1768849
            ],
            [
              16.275074,
              48.1769027
            ],
            [
              16.2750312,
              48.1769039
            ],
            [
              16.2750301,
              48.1768868
            ],
            [
              16.2750155,
              48.1768872
            ]
          ]
        ]
      }
    },
    {
      "type": "Feature",
      "id": "way/847261576",
      "properties": {
        "addr:city": "Wien",
        "addr:country": "AT",
        "addr:housenumber": "5",
        "addr:postcode": "1130",
        "addr:street": "Engelhartgasse",
        "building": "house",
        "building:levels": "2",
        "roof:levels": "1",
        "osm_id": "way/847261576"
      },
      "geometry": {
        "type": "Polygon",
        "coordinates": [
          [
            [
              16.2750811,
              48.1768847
            ],
            [
              16.2750776,
              48.1768292
            ],
            [
              16.2750753,
              48.1767937
            ],
            [
              16.2751452,
              48.1767917
            ],
            [
              16.275151,
              48.1768826
            ],
            [
              16.2751344,
              48.176883
            ],
            [
              16.2751355,
              48.176901
            ],
            [
              16.2750933,
              48.1769022
            ],
            [
              16.2750922,
              48.1768844
            ],
            [
              16.2750811,
              48.1768847
            ]
          ]
        ]
      }
    },
    {
      "type": "Feature",
      "id": "way/847261577",
      "properties": {
        "addr:city": "Wien",
        "addr:country": "AT",
        "addr:housenumber": "61",
        "addr:postcode": "1130",
        "addr:street": "Wilhelm-Leibl-Gasse",
        "building": "house",
        "building:levels": "2",
        "roof:levels": "1",
        "osm_id": "way/847261577"
      },
      "geometry": {
        "type": "Polygon",
        "coordinates": [
          [
            [
              16.274196,
              48.1761699
            ],
            [
              16.2742689,
              48.1760936
            ],
            [
              16.2743291,
              48.1761192
            ],
            [
              16.2742564,
              48.1761953
            ],
            [
              16.2742479,
              48.1761918
            ],
            [
              16.2742331,
              48.1762073
            ],
            [
              16.2741979,
              48.1761924
            ],
            [
              16.2742127,
              48.176177
            ],
            [
              16.274196,
              48.1761699
            ]
          ]
        ]
      }
    },
    {
      "type": "Feature",
      "id": "way/847261578",
      "properties": {
        "addr:city": "Wien",
        "addr:country": "AT",
        "addr:housenumber": "59",
        "addr:postcode": "1130",
        "addr:street": "Wilhelm-Leibl-Gasse",
        "building": "house",
        "building:levels": "2",
        "roof:levels": "1",
        "osm_id": "way/847261578"
      },
      "geometry": {
        "type": "Polygon",
        "coordinates": [
          [
            [
              16.2742564,
              48.1761953
            ],
            [
              16.2743291,
              48.1761192
            ],
            [
              16.2743828,
              48.1761417
            ],
            [
              16.274356,
              48.1761699
            ],
            [
              16.2743103,
              48.1762182
            ],
            [
              16.2742564,
              48.1761953
            ]
          ]
        ]
      }
    },
    {
      "type": "Feature",
      "id": "way/847261579",
      "properties": {
        "addr:city": "Wien",
        "addr:country": "AT",
        "addr:housenumber": "57",
        "addr:postcode": "1130",
        "addr:street": "Wilhelm-Leibl-Gasse",
        "building": "house",
        "building:levels": "2",
        "roof:levels": "1",
        "osm_id": "way/847261579"
      },
      "geometry": {
        "type": "Polygon",
        "coordinates": [
          [
            [
              16.2743731,
              48.1762425
            ],
            [
              16.2743649,
              48.1762394
            ],
            [
              16.2743516,
              48.176255
            ],
            [
              16.2743149,
              48.1762412
            ],
            [
              16.2743283,
              48.1762253
            ],
            [
              16.2743103,
              48.1762182
            ],
            [
              16.274356,
              48.1761699
            ],
            [
              16.2744156,
              48.1761923
            ],
            [
              16.2743731,
              48.1762425
            ]
          ]
        ]
      }
    },
    {
      "type": "Feature",
      "id": "way/847261580",
      "properties": {
        "addr:city": "Wien",
        "addr:country": "AT",
        "addr:housenumber": "55",
        "addr:postcode": "1130",
        "addr:street": "Wilhelm-Leibl-Gasse",
        "building": "house",
        "building:levels": "2",
        "roof:levels": "1",
        "osm_id": "way/847261580"
      },
      "geometry": {
        "type": "Polygon",
        "coordinates": [
          [
            [
              16.2743731,
              48.1762425
            ],
            [
              16.2744156,
              48.1761923
            ],
            [
              16.2744736,
              48.176212
            ],
            [
              16.2744347,
              48.1762636
            ],
            [
              16.2744234,
              48.1762598
            ],
            [
              16.2744112,
              48.1762759
            ],
            [
              16.27437,
              48.1762621
            ],
            [
              16.2743823,
              48.1762458
            ],
            [
              16.2743731,
              48.1762425
            ]
          ]
        ]
      }
    },
    {
      "type": "Feature",
      "id": "way/847261581",
      "properties": {
        "addr:city": "Wien",
        "addr:country": "AT",
        "addr:housenumber": "53",
        "addr:postcode": "1130",
        "addr:street": "Wilhelm-Leibl-Gasse",
        "building": "house",
        "building:levels": "2",
        "roof:levels": "1",
        "osm_id": "way/847261581"
      },
      "geometry": {
        "type": "Polygon",
        "coordinates": [
          [
            [
              16.2744347,
              48.1762636
            ],
            [
              16.2744736,
              48.176212
            ],
            [
              16.274538,
              48.176232
            ],
            [
              16.2745025,
              48.176284
            ],
            [
              16.2744752,
              48.1762757
            ],
            [
              16.2744655,
              48.1762899
            ],
            [
              16.2744323,
              48.1762798
            ],
            [
              16.2744419,
              48.1762657
            ],
            [
              16.2744347,
              48.1762636
            ]
          ]
        ]
      }
    },
    {
      "type": "Feature",
      "id": "way/847261582",
      "properties": {
        "addr:city": "Wien",
        "addr:country": "AT",
        "addr:housenumber": "36",
        "addr:postcode": "1130",
        "addr:street": "Wilhelm-Leibl-Gasse",
        "building": "house",
        "building:levels": "2",
        "roof:levels": "1",
        "source": "wien.at",
        "osm_id": "way/847261582"
      },
      "geometry": {
        "type": "Polygon",
        "coordinates": [
          [
            [
              16.2747617,
              48.1765077
            ],
            [
              16.2746944,
              48.1764983
            ],
            [
              16.2747134,
              48.176445
            ],
            [
              16.2747447,
              48.1764494
            ],
            [
              16.2747491,
              48.1764337
            ],
            [
              16.2747839,
              48.1764381
            ],
            [
              16.2747617,
              48.1765077
            ]
          ]
        ]
      }
    },
    {
      "type": "Feature",
      "id": "way/847261583",
      "properties": {
        "addr:city": "Wien",
        "addr:country": "AT",
        "addr:housenumber": "40",
        "addr:postcode": "1130",
        "addr:street": "Wilhelm-Leibl-Gasse",
        "building": "house",
        "building:levels": "2",
        "roof:levels": "1",
        "source": "wien.at",
        "osm_id": "way/847261583"
      },
      "geometry": {
        "type": "Polygon",
        "coordinates": [
          [
            [
              16.2746267,
              48.1764853
            ],
            [
              16.2745588,
              48.1764721
            ],
            [
              16.2745826,
              48.1764208
            ],
            [
              16.2746085,
              48.1764256
            ],
            [
              16.2746177,
              48.1764074
            ],
            [
              16.2746559,
              48.1764149
            ],
            [
              16.2746267,
              48.1764853
            ]
          ]
        ]
      }
    },
    {
      "type": "Feature",
      "id": "way/847261584",
      "properties": {
        "addr:city": "Wien",
        "addr:country": "AT",
        "addr:housenumber": "44",
        "addr:postcode": "1130",
        "addr:street": "Wilhelm-Leibl-Gasse",
        "building": "house",
        "building:levels": "2",
        "roof:levels": "1",
        "source": "wien.at",
        "osm_id": "way/847261584"
      },
      "geometry": {
        "type": "Polygon",
        "coordinates": [
          [
            [
              16.2744942,
              48.1764567
            ],
            [
              16.2744283,
              48.1764411
            ],
            [
              16.2744593,
              48.1763902
            ],
            [
              16.2744844,
              48.1763964
            ],
            [
              16.2744956,
              48.176379
            ],
            [
              16.274532,
              48.176388
            ],
            [
              16.2744942,
              48.1764567
            ]
          ]
        ]
      }
    },
    {
      "type": "Feature",
      "id": "way/847261585",
      "properties": {
        "addr:city": "Wien",
        "addr:country": "AT",
        "addr:housenumber": "56",
        "addr:postcode": "1130",
        "addr:street": "Wilhelm-Leibl-Gasse",
        "building": "house",
        "building:levels": "2",
        "roof:levels": "1",
        "source": "wien.at",
        "osm_id": "way/847261585"
      },
      "geometry": {
        "type": "Polygon",
        "coordinates": [
          [
            [
              16.2740963,
              48.1763621
            ],
            [
              16.2740397,
              48.1763383
            ],
            [
              16.2741075,
              48.1762637
            ],
            [
              16.2741325,
              48.176274
            ],
            [
              16.2741486,
              48.176258
            ],
            [
              16.27418,
              48.1762715
            ],
            [
              16.2740963,
              48.1763621
            ]
          ]
        ]
      }
    },
    {
      "type": "Feature",
      "id": "way/847261586",
      "properties": {
        "addr:city": "Wien",
        "addr:country": "AT",
        "addr:housenumber": "52",
        "addr:postcode": "1130",
        "addr:street": "Wilhelm-Leibl-Gasse",
        "building": "house",
        "building:levels": "2",
        "roof:levels": "1",
        "source": "wien.at",
        "osm_id": "way/847261586"
      },
      "geometry": {
        "type": "Polygon",
        "coordinates": [
          [
            [
              16.2742133,
              48.1764128
            ],
            [
              16.2741491,
              48.1763872
            ],
            [
              16.2742205,
              48.1763105
            ],
            [
              16.2742475,
              48.1763202
            ],
            [
              16.2742621,
              48.1763042
            ],
            [
              16.2742968,
              48.1763172
            ],
            [
              16.2742133,
              48.1764128
            ]
          ]
        ]
      }
    },
    {
      "type": "Feature",
      "id": "way/847261587",
      "properties": {
        "addr:city": "Wien",
        "addr:country": "AT",
        "addr:housenumber": "48",
        "addr:postcode": "1130",
        "addr:street": "Wilhelm-Leibl-Gasse",
        "building": "house",
        "building:levels": "2",
        "roof:levels": "1",
        "source": "wien.at",
        "osm_id": "way/847261587"
      },
      "geometry": {
        "type": "Polygon",
        "coordinates": [
          [
            [
              16.2743431,
              48.1764543
            ],
            [
              16.2742804,
              48.176433
            ],
            [
              16.2743436,
              48.1763551
            ],
            [
              16.2743983,
              48.1763728
            ],
            [
              16.2743431,
              48.1764543
            ]
          ]
        ]
      }
    },
    {
      "type": "Feature",
      "id": "way/847261588",
      "properties": {
        "addr:city": "Wien",
        "addr:country": "AT",
        "addr:housenumber": "32",
        "addr:postcode": "1130",
        "addr:street": "Wilhelm-Leibl-Gasse",
        "building": "house",
        "building:levels": "2",
        "roof:levels": "1",
        "source": "wien.at",
        "osm_id": "way/847261588"
      },
      "geometry": {
        "type": "Polygon",
        "coordinates": [
          [
            [
              16.2748975,
              48.1765218
            ],
            [
              16.2748289,
              48.1765167
            ],
            [
              16.2748387,
              48.1764625
            ],
            [
              16.2748676,
              48.1764645
            ],
            [
              16.2748701,
              48.1764456
            ],
            [
              16.2749081,
              48.1764486
            ],
            [
              16.2748975,
              48.1765218
            ]
          ]
        ]
      }
    },
    {
      "type": "Feature",
      "id": "way/847261589",
      "properties": {
        "addr:city": "Wien",
        "addr:country": "AT",
        "addr:housenumber": "26",
        "addr:postcode": "1130",
        "addr:street": "Wilhelm-Leibl-Gasse",
        "building": "house",
        "building:levels": "2",
        "roof:levels": "1",
        "source": "wien.at",
        "osm_id": "way/847261589"
      },
      "geometry": {
        "type": "Polygon",
        "coordinates": [
          [
            [
              16.2750368,
              48.1764727
            ],
            [
              16.2751057,
              48.1764738
            ],
            [
              16.2751034,
              48.176529
            ],
            [
              16.2750368,
              48.176528
            ],
            [
              16.2750368,
              48.1764727
            ]
          ]
        ]
      }
    },
    {
      "type": "Feature",
      "id": "way/847261598",
      "properties": {
        "addr:city": "Wien",
        "addr:country": "AT",
        "addr:housenumber": "35",
        "addr:postcode": "1130",
        "addr:street": "Janneckgasse",
        "building": "house",
        "building:levels": "2",
        "roof:levels": "1",
        "osm_id": "way/847261598"
      },
      "geometry": {
        "type": "Polygon",
        "coordinates": [
          [
            [
              16.2747917,
              48.1763678
            ],
            [
              16.2747967,
              48.1763184
            ],
            [
              16.2748779,
              48.1763244
            ],
            [
              16.2748708,
              48.1763707
            ],
            [
              16.2747917,
              48.1763678
            ]
          ]
        ]
      }
    },
    {
      "type": "Feature",
      "id": "way/847261599",
      "properties": {
        "addr:city": "Wien",
        "addr:country": "AT",
        "addr:housenumber": "33",
        "addr:postcode": "1130",
        "addr:street": "Janneckgasse",
        "building": "house",
        "building:levels": "2",
        "roof:levels": "1",
        "osm_id": "way/847261599"
      },
      "geometry": {
        "type": "Polygon",
        "coordinates": [
          [
            [
              16.2748779,
              48.1763244
            ],
            [
              16.2747967,
              48.1763184
            ],
            [
              16.2748054,
              48.1762725
            ],
            [
              16.2748866,
              48.1762795
            ],
            [
              16.2748779,
              48.1763244
            ]
          ]
        ]
      }
    },
    {
      "type": "Feature",
      "id": "way/847261600",
      "properties": {
        "addr:city": "Wien",
        "addr:country": "AT",
        "addr:housenumber": "31",
        "addr:postcode": "1130",
        "addr:street": "Janneckgasse",
        "building": "house",
        "building:levels": "2",
        "roof:levels": "1",
        "osm_id": "way/847261600"
      },
      "geometry": {
        "type": "Polygon",
        "coordinates": [
          [
            [
              16.2748054,
              48.1762725
            ],
            [
              16.2748866,
              48.1762795
            ],
            [
              16.2748894,
              48.1762626
            ],
            [
              16.2749178,
              48.1762661
            ],
            [
              16.2749248,
              48.1762406
            ],
            [
              16.2748155,
              48.1762272
            ],
            [
              16.2748054,
              48.1762725
            ]
          ]
        ]
      }
    },
    {
      "type": "Feature",
      "id": "way/847261601",
      "properties": {
        "addr:city": "Wien",
        "addr:country": "AT",
        "addr:housenumber": "29",
        "addr:postcode": "1130",
        "addr:street": "Janneckgasse",
        "building": "house",
        "building:levels": "2",
        "roof:levels": "1",
        "osm_id": "way/847261601"
      },
      "geometry": {
        "type": "Polygon",
        "coordinates": [
          [
            [
              16.2748155,
              48.1762272
            ],
            [
              16.2749248,
              48.1762406
            ],
            [
              16.2749302,
              48.1762164
            ],
            [
              16.2749035,
              48.176212
            ],
            [
              16.274909,
              48.1761934
            ],
            [
              16.2748307,
              48.1761806
            ],
            [
              16.2748155,
              48.1762272
            ]
          ]
        ]
      }
    },
    {
      "type": "Feature",
      "id": "way/847261602",
      "properties": {
        "addr:city": "Wien",
        "addr:country": "AT",
        "addr:housenumber": "27",
        "addr:postcode": "1130",
        "addr:street": "Janneckgasse",
        "building": "house",
        "building:levels": "2",
        "roof:levels": "1",
        "osm_id": "way/847261602"
      },
      "geometry": {
        "type": "Polygon",
        "coordinates": [
          [
            [
              16.2747779,
              48.1761719
            ],
            [
              16.2748307,
              48.1761806
            ],
            [
              16.274909,
              48.1761934
            ],
            [
              16.2749151,
              48.1761756
            ],
            [
              16.2749458,
              48.1761808
            ],
            [
              16.274955,
              48.1761558
            ],
            [
              16.2748463,
              48.1761364
            ],
            [
              16.2747964,
              48.1761268
            ],
            [
              16.2747779,
              48.1761719
            ]
          ]
        ]
      }
    },
    {
      "type": "Feature",
      "id": "way/847261615",
      "properties": {
        "addr:city": "Wien",
        "addr:country": "AT",
        "addr:housenumber": "30",
        "addr:postcode": "1130",
        "addr:street": "Janneckgasse",
        "building": "house",
        "building:levels": "2",
        "roof:levels": "1",
        "osm_id": "way/847261615"
      },
      "geometry": {
        "type": "Polygon",
        "coordinates": [
          [
            [
              16.2750096,
              48.1763557
            ],
            [
              16.2750123,
              48.1763287
            ],
            [
              16.2751742,
              48.1763407
            ],
            [
              16.2751709,
              48.176384
            ],
            [
              16.2750356,
              48.1763794
            ],
            [
              16.2750378,
              48.1763576
            ],
            [
              16.2750096,
              48.1763557
            ]
          ]
        ]
      }
    },
    {
      "type": "Feature",
      "id": "way/847261616",
      "properties": {
        "addr:city": "Wien",
        "addr:country": "AT",
        "addr:housenumber": "28",
        "addr:postcode": "1130",
        "addr:street": "Janneckgasse",
        "building": "house",
        "building:levels": "2",
        "roof:levels": "1",
        "osm_id": "way/847261616"
      },
      "geometry": {
        "type": "Polygon",
        "coordinates": [
          [
            [
              16.2750123,
              48.1763287
            ],
            [
              16.2751742,
              48.1763407
            ],
            [
              16.2751823,
              48.1763002
            ],
            [
              16.2751659,
              48.176298
            ],
            [
              16.2750495,
              48.1762857
            ],
            [
              16.2750457,
              48.1763058
            ],
            [
              16.2750167,
              48.176304
            ],
            [
              16.2750123,
              48.1763287
            ]
          ]
        ]
      }
    },
    {
      "type": "Feature",
      "id": "way/847261617",
      "properties": {
        "addr:city": "Wien",
        "addr:country": "AT",
        "addr:housenumber": "26",
        "addr:postcode": "1130",
        "addr:street": "Janneckgasse",
        "building": "house",
        "building:levels": "2",
        "roof:levels": "1",
        "osm_id": "way/847261617"
      },
      "geometry": {
        "type": "Polygon",
        "coordinates": [
          [
            [
              16.2751659,
              48.176298
            ],
            [
              16.2750495,
              48.1762857
            ],
            [
              16.2750625,
              48.1762409
            ],
            [
              16.2751771,
              48.1762566
            ],
            [
              16.2751659,
              48.176298
            ]
          ]
        ]
      }
    },
    {
      "type": "Feature",
      "id": "way/847261618",
      "properties": {
        "addr:city": "Wien",
        "addr:country": "AT",
        "addr:housenumber": "24",
        "addr:postcode": "1130",
        "addr:street": "Janneckgasse",
        "building": "house",
        "building:levels": "2",
        "roof:levels": "1",
        "osm_id": "way/847261618"
      },
      "geometry": {
        "type": "Polygon",
        "coordinates": [
          [
            [
              16.2750371,
              48.1762374
            ],
            [
              16.2750625,
              48.1762409
            ],
            [
              16.2751771,
              48.1762566
            ],
            [
              16.275194,
              48.1762589
            ],
            [
              16.2752074,
              48.1762189
            ],
            [
              16.2750763,
              48.1761979
            ],
            [
              16.2750693,
              48.1762185
            ],
            [
              16.2750437,
              48.1762152
            ],
            [
              16.2750371,
              48.1762374
            ]
          ]
        ]
      }
    },
    {
      "type": "Feature",
      "id": "way/847261619",
      "properties": {
        "addr:city": "Wien",
        "addr:country": "AT",
        "addr:housenumber": "22",
        "addr:postcode": "1130",
        "addr:street": "Janneckgasse",
        "building": "house",
        "building:levels": "2",
        "roof:levels": "1",
        "osm_id": "way/847261619"
      },
      "geometry": {
        "type": "Polygon",
        "coordinates": [
          [
            [
              16.2750763,
              48.1761979
            ],
            [
              16.2752074,
              48.1762189
            ],
            [
              16.2752232,
              48.1761782
            ],
            [
              16.2750693,
              48.1761467
            ],
            [
              16.2750594,
              48.1761721
            ],
            [
              16.2750859,
              48.1761767
            ],
            [
              16.2750763,
              48.1761979
            ]
          ]
        ]
      }
    },
    {
      "type": "Feature",
      "id": "way/847261620",
      "properties": {
        "addr:city": "Wien",
        "addr:country": "AT",
        "addr:housenumber": "20",
        "addr:postcode": "1130",
        "addr:street": "Janneckgasse",
        "building": "house",
        "building:levels": "2",
        "roof:levels": "1",
        "osm_id": "way/847261620"
      },
      "geometry": {
        "type": "Polygon",
        "coordinates": [
          [
            [
              16.2750693,
              48.1761467
            ],
            [
              16.2752232,
              48.1761782
            ],
            [
              16.2752413,
              48.1761382
            ],
            [
              16.2751162,
              48.1761087
            ],
            [
              16.2751055,
              48.1761291
            ],
            [
              16.2750802,
              48.1761232
            ],
            [
              16.2750693,
              48.1761467
            ]
          ]
        ]
      }
    },
    {
      "type": "Feature",
      "id": "way/847261629",
      "properties": {
        "addr:city": "Wien",
        "addr:country": "AT",
        "addr:housenumber": "143",
        "addr:postcode": "1130",
        "addr:street": "Faistauergasse",
        "building": "house",
        "osm_id": "way/847261629"
      },
      "geometry": {
        "type": "Polygon",
        "coordinates": [
          [
            [
              16.2755833,
              48.1768394
            ],
            [
              16.2755767,
              48.1767947
            ],
            [
              16.2757246,
              48.176785
            ],
            [
              16.2757283,
              48.1768103
            ],
            [
              16.2757006,
              48.1768122
            ],
            [
              16.2757035,
              48.1768315
            ],
            [
              16.2755833,
              48.1768394
            ]
          ]
        ]
      }
    },
    {
      "type": "Feature",
      "id": "way/847261630",
      "properties": {
        "addr:city": "Wien",
        "addr:country": "AT",
        "addr:housenumber": "141",
        "addr:postcode": "1130",
        "addr:street": "Faistauergasse",
        "building": "house",
        "osm_id": "way/847261630"
      },
      "geometry": {
        "type": "Polygon",
        "coordinates": [
          [
            [
              16.2755582,
              48.1767959
            ],
            [
              16.2755767,
              48.1767947
            ],
            [
              16.2757246,
              48.176785
            ],
            [
              16.2757204,
              48.1767567
            ],
            [
              16.2756918,
              48.1767586
            ],
            [
              16.2756896,
              48.1767441
            ],
            [
              16.2756059,
              48.1767496
            ],
            [
              16.2755519,
              48.1767531
            ],
            [
              16.2755582,
              48.1767959
            ]
          ]
        ]
      }
    },
    {
      "type": "Feature",
      "id": "way/847261631",
      "properties": {
        "addr:city": "Wien",
        "addr:country": "AT",
        "addr:housenumber": "139",
        "addr:postcode": "1130",
        "addr:street": "Faistauergasse",
        "building": "house",
        "osm_id": "way/847261631"
      },
      "geometry": {
        "type": "Polygon",
        "coordinates": [
          [
            [
              16.2756059,
              48.1767496
            ],
            [
              16.2755993,
              48.1767045
            ],
            [
              16.2757112,
              48.1766972
            ],
            [
              16.275715,
              48.1767226
            ],
            [
              16.2756868,
              48.1767245
            ],
            [
              16.2756896,
              48.1767441
            ],
            [
              16.2756059,
              48.1767496
            ]
          ]
        ]
      }
    },
    {
      "type": "Feature",
      "id": "way/847261632",
      "properties": {
        "addr:city": "Wien",
        "addr:country": "AT",
        "addr:housenumber": "137",
        "addr:postcode": "1130",
        "addr:street": "Faistauergasse",
        "building": "house",
        "osm_id": "way/847261632"
      },
      "geometry": {
        "type": "Polygon",
        "coordinates": [
          [
            [
              16.2755454,
              48.176708
            ],
            [
              16.2755993,
              48.1767045
            ],
            [
              16.2757112,
              48.1766972
            ],
            [
              16.2757071,
              48.1766692
            ],
            [
              16.2756784,
              48.176671
            ],
            [
              16.2756763,
              48.1766569
            ],
            [
              16.2755392,
              48.1766659
            ],
            [
              16.2755454,
              48.176708
            ]
          ]
        ]
      }
    },
    {
      "type": "Feature",
      "id": "way/847261633",
      "properties": {
        "addr:city": "Wien",
        "addr:country": "AT",
        "addr:housenumber": "135",
        "addr:postcode": "1130",
        "addr:street": "Faistauergasse",
        "building": "house",
        "osm_id": "way/847261633"
      },
      "geometry": {
        "type": "Polygon",
        "coordinates": [
          [
            [
              16.2756973,
              48.1766111
            ],
            [
              16.2756996,
              48.1766264
            ],
            [
              16.275672,
              48.1766282
            ],
            [
              16.2756763,
              48.1766569
            ],
            [
              16.2755392,
              48.1766659
            ],
            [
              16.2755327,
              48.1766218
            ],
            [
              16.2756973,
              48.1766111
            ]
          ]
        ]
      }
    },
    {
      "type": "Feature",
      "id": "way/847261634",
      "properties": {
        "addr:city": "Wien",
        "addr:country": "AT",
        "addr:housenumber": "133",
        "addr:postcode": "1130",
        "addr:street": "Faistauergasse",
        "building": "house",
        "osm_id": "way/847261634"
      },
      "geometry": {
        "type": "Polygon",
        "coordinates": [
          [
            [
              16.2756973,
              48.1766111
            ],
            [
              16.2755327,
              48.1766218
            ],
            [
              16.2755258,
              48.1765751
            ],
            [
              16.275577,
              48.1765717
            ],
            [
              16.2756612,
              48.1765662
            ],
            [
              16.2756659,
              48.1765979
            ],
            [
              16.2756951,
              48.176596
            ],
            [
              16.2756973,
              48.1766111
            ]
          ]
        ]
      }
    },
    {
      "type": "Feature",
      "id": "way/847261635",
      "properties": {
        "addr:city": "Wien",
        "addr:country": "AT",
        "addr:housenumber": "131",
        "addr:postcode": "1130",
        "addr:street": "Faistauergasse",
        "building": "house",
        "osm_id": "way/847261635"
      },
      "geometry": {
        "type": "Polygon",
        "coordinates": [
          [
            [
              16.275577,
              48.1765717
            ],
            [
              16.2756612,
              48.1765662
            ],
            [
              16.2756546,
              48.1765213
            ],
            [
              16.2755704,
              48.1765269
            ],
            [
              16.275577,
              48.1765717
            ]
          ]
        ]
      }
    },
    {
      "type": "Feature",
      "id": "way/847261636",
      "properties": {
        "addr:city": "Wien",
        "addr:country": "AT",
        "addr:housenumber": "129",
        "addr:postcode": "1130",
        "addr:street": "Faistauergasse",
        "building": "house",
        "osm_id": "way/847261636"
      },
      "geometry": {
        "type": "Polygon",
        "coordinates": [
          [
            [
              16.2755134,
              48.1765306
            ],
            [
              16.2755704,
              48.1765269
            ],
            [
              16.2756546,
              48.1765213
            ],
            [
              16.2756768,
              48.1765199
            ],
            [
              16.2756729,
              48.1764934
            ],
            [
              16.275649,
              48.176495
            ],
            [
              16.2756462,
              48.1764764
            ],
            [
              16.2755068,
              48.1764856
            ],
            [
              16.2755134,
              48.1765306
            ]
          ]
        ]
      }
    },
    {
      "type": "Feature",
      "id": "way/847261637",
      "properties": {
        "addr:city": "Wien",
        "addr:country": "AT",
        "addr:housenumber": "127",
        "addr:postcode": "1130",
        "addr:street": "Faistauergasse",
        "building": "house",
        "osm_id": "way/847261637"
      },
      "geometry": {
        "type": "Polygon",
        "coordinates": [
          [
            [
              16.2755132,
              48.1763716
            ],
            [
              16.2755223,
              48.1763204
            ],
            [
              16.275653,
              48.1763322
            ],
            [
              16.2756518,
              48.1763393
            ],
            [
              16.2756795,
              48.1763405
            ],
            [
              16.2756758,
              48.1763692
            ],
            [
              16.2756463,
              48.1763678
            ],
            [
              16.275645,
              48.1763796
            ],
            [
              16.2755132,
              48.1763716
            ]
          ]
        ]
      }
    },
    {
      "type": "Feature",
      "id": "way/847261638",
      "properties": {
        "addr:city": "Wien",
        "addr:country": "AT",
        "addr:housenumber": "125",
        "addr:postcode": "1130",
        "addr:street": "Faistauergasse",
        "building": "house",
        "building:levels": "2",
        "roof:levels": "0",
        "osm_id": "way/847261638"
      },
      "geometry": {
        "type": "Polygon",
        "coordinates": [
          [
            [
              16.2755223,
              48.1763204
            ],
            [
              16.275653,
              48.1763322
            ],
            [
              16.2756547,
              48.1763244
            ],
            [
              16.2756844,
              48.1763286
            ],
            [
              16.2756899,
              48.1763116
            ],
            [
              16.2756611,
              48.1763071
            ],
            [
              16.2756671,
              48.1762911
            ],
            [
              16.2755367,
              48.1762699
            ],
            [
              16.2755223,
              48.1763204
            ]
          ]
        ]
      }
    },
    {
      "type": "Feature",
      "id": "way/847261639",
      "properties": {
        "addr:city": "Wien",
        "addr:country": "AT",
        "addr:housenumber": "123",
        "addr:postcode": "1130",
        "addr:street": "Faistauergasse",
        "building": "house",
        "osm_id": "way/847261639"
      },
      "geometry": {
        "type": "Polygon",
        "coordinates": [
          [
            [
              16.2755367,
              48.1762699
            ],
            [
              16.2756671,
              48.1762911
            ],
            [
              16.2756728,
              48.1762701
            ],
            [
              16.2756996,
              48.1762764
            ],
            [
              16.2757095,
              48.176257
            ],
            [
              16.2756819,
              48.1762511
            ],
            [
              16.2756829,
              48.1762493
            ],
            [
              16.2756061,
              48.176231
            ],
            [
              16.2755591,
              48.1762205
            ],
            [
              16.2755367,
              48.1762699
            ]
          ]
        ]
      }
    },
    {
      "type": "Feature",
      "id": "way/847261640",
      "properties": {
        "addr:city": "Wien",
        "addr:country": "AT",
        "addr:housenumber": "121",
        "addr:postcode": "1130",
        "addr:street": "Faistauergasse",
        "building": "house",
        "building:levels": "2",
        "roof:levels": "0",
        "osm_id": "way/847261640"
      },
      "geometry": {
        "type": "Polygon",
        "coordinates": [
          [
            [
              16.2756061,
              48.176231
            ],
            [
              16.2756829,
              48.1762493
            ],
            [
              16.2757056,
              48.1762052
            ],
            [
              16.2756323,
              48.1761852
            ],
            [
              16.2756061,
              48.176231
            ]
          ]
        ]
      }
    },
    {
      "type": "Feature",
      "id": "way/847261641",
      "properties": {
        "addr:city": "Wien",
        "addr:country": "AT",
        "addr:housenumber": "119",
        "addr:postcode": "1130",
        "addr:street": "Faistauergasse",
        "building": "house",
        "building:levels": "2",
        "roof:levels": "0",
        "osm_id": "way/847261641"
      },
      "geometry": {
        "type": "Polygon",
        "coordinates": [
          [
            [
              16.275591,
              48.176174
            ],
            [
              16.2756323,
              48.1761852
            ],
            [
              16.2757056,
              48.1762052
            ],
            [
              16.2757095,
              48.1762063
            ],
            [
              16.2757154,
              48.1761961
            ],
            [
              16.2757402,
              48.1762046
            ],
            [
              16.2757578,
              48.1761807
            ],
            [
              16.275731,
              48.1761718
            ],
            [
              16.275736,
              48.1761657
            ],
            [
              16.2756235,
              48.1761288
            ],
            [
              16.275591,
              48.176174
            ]
          ]
        ]
      }
    },
    {
      "type": "Feature",
      "id": "way/847261642",
      "properties": {
        "addr:city": "Wien",
        "addr:country": "AT",
        "addr:housenumber": "117",
        "addr:postcode": "1130",
        "addr:street": "Faistauergasse",
        "building": "house",
        "building:levels": "2",
        "roof:levels": "0",
        "osm_id": "way/847261642"
      },
      "geometry": {
        "type": "Polygon",
        "coordinates": [
          [
            [
              16.2756235,
              48.1761288
            ],
            [
              16.275736,
              48.1761657
            ],
            [
              16.2757414,
              48.1761601
            ],
            [
              16.2757648,
              48.1761693
            ],
            [
              16.2757866,
              48.1761444
            ],
            [
              16.2757613,
              48.1761345
            ],
            [
              16.275769,
              48.1761273
            ],
            [
              16.275699,
              48.1760977
            ],
            [
              16.2756624,
              48.176083
            ],
            [
              16.2756235,
              48.1761288
            ]
          ]
        ]
      }
    },
    {
      "type": "Feature",
      "id": "way/1059634884",
      "properties": {
        "building": "toilets",
        "osm_id": "way/1059634884"
      },
      "geometry": {
        "type": "Polygon",
        "coordinates": [
          [
            [
              16.2747803,
              48.1808645
            ],
            [
              16.2748631,
              48.1808603
            ],
            [
              16.2748564,
              48.1808025
            ],
            [
              16.2747736,
              48.1808068
            ],
            [
              16.2747803,
              48.1808645
            ]
          ]
        ]
      }
    },
    {
      "type": "Feature",
      "id": "way/1086247656",
      "properties": {
        "building": "commercial",
        "osm_id": "way/1086247656"
      },
      "geometry": {
        "type": "Polygon",
        "coordinates": [
          [
            [
              16.2723251,
              48.1775612
            ],
            [
              16.2724022,
              48.1775559
            ],
            [
              16.2723951,
              48.1775104
            ],
            [
              16.2723844,
              48.1775112
            ],
            [
              16.2723835,
              48.1775054
            ],
            [
              16.2723388,
              48.1775085
            ],
            [
              16.2723397,
              48.1775143
            ],
            [
              16.272318,
              48.1775158
            ],
            [
              16.2723251,
              48.1775612
            ]
          ]
        ]
      }
    },
    {
      "type": "Feature",
      "id": "way/1086247658",
      "properties": {
        "building": "yes",
        "osm_id": "way/1086247658"
      },
      "geometry": {
        "type": "Polygon",
        "coordinates": [
          [
            [
              16.2726583,
              48.1760794
            ],
            [
              16.272667,
              48.1760821
            ],
            [
              16.2726506,
              48.1761051
            ],
            [
              16.2727115,
              48.1761244
            ],
            [
              16.2727279,
              48.1761015
            ],
            [
              16.2729373,
              48.1761679
            ],
            [
              16.2729787,
              48.1761099
            ],
            [
              16.2726997,
              48.1760214
            ],
            [
              16.2726583,
              48.1760794
            ]
          ]
        ]
      }
    },
    {
      "type": "Feature",
      "id": "way/1086485722",
      "properties": {
        "alt_name": "Josef Wild'sches Stiftungshaus",
        "building": "office",
        "heritage": "2",
        "historic": "heritage",
        "image": "File:Wildschesstiftungshaus.JPG",
        "name": "Pavillon 26",
        "note": "Ehemalige Direktion Geriatriezentrum am Wienerwald, Versorgungsheim Lainz; seit ca. 2023 wurden Gebäude umnummeriert, die alten röm. Ziffern stimmen tatsächlich nicht alle mit den neuen arab. überein, sh. https://www.openstreetmap.org/changeset/125578994",
        "old_name": "Pavillon XX",
        "osm_id": "way/1086485722"
      },
      "geometry": {
        "type": "Polygon",
        "coordinates": [
          [
            [
              16.2721265,
              48.1775431
            ],
            [
              16.27229,
              48.1775333
            ],
            [
              16.2722832,
              48.1774827
            ],
            [
              16.2723029,
              48.1774815
            ],
            [
              16.2723016,
              48.1774714
            ],
            [
              16.2723392,
              48.1774691
            ],
            [
              16.2723326,
              48.1774201
            ],
            [
              16.2723263,
              48.1773726
            ],
            [
              16.2722861,
              48.177375
            ],
            [
              16.2722849,
              48.177366
            ],
            [
              16.2722629,
              48.1773673
            ],
            [
              16.2722566,
              48.1773203
            ],
            [
              16.272087,
              48.1773304
            ],
            [
              16.2720937,
              48.1773807
            ],
            [
              16.2721029,
              48.1773801
            ],
            [
              16.2721078,
              48.1774165
            ],
            [
              16.2720836,
              48.1774179
            ],
            [
              16.2720893,
              48.1774605
            ],
            [
              16.2721152,
              48.177459
            ],
            [
              16.2721265,
              48.1775431
            ]
          ]
        ]
      }
    },
    {
      "type": "Feature",
      "id": "way/1089816197",
      "properties": {
        "building": "yes",
        "osm_id": "way/1089816197"
      },
      "geometry": {
        "type": "Polygon",
        "coordinates": [
          [
            [
              16.2721541,
              48.1773104
            ],
            [
              16.2721997,
              48.1773086
            ],
            [
              16.2721977,
              48.1772863
            ],
            [
              16.2721521,
              48.1772881
            ],
            [
              16.2721541,
              48.1773104
            ]
          ]
        ]
      }
    },
    {
      "type": "Feature",
      "id": "way/1089816198",
      "properties": {
        "building": "yes",
        "osm_id": "way/1089816198"
      },
      "geometry": {
        "type": "Polygon",
        "coordinates": [
          [
            [
              16.2718651,
              48.177254
            ],
            [
              16.271897,
              48.1772547
            ],
            [
              16.2718984,
              48.1772256
            ],
            [
              16.2718664,
              48.177225
            ],
            [
              16.2718651,
              48.177254
            ]
          ]
        ]
      }
    },
    {
      "type": "Feature",
      "id": "way/1091906443",
      "properties": {
        "building": "yes",
        "osm_id": "way/1091906443"
      },
      "geometry": {
        "type": "Polygon",
        "coordinates": [
          [
            [
              16.2728488,
              48.1763233
            ],
            [
              16.2728427,
              48.1763063
            ],
            [
              16.2728241,
              48.1763093
            ],
            [
              16.2728301,
              48.1763262
            ],
            [
              16.2728488,
              48.1763233
            ]
          ]
        ]
      }
    },
    {
      "type": "Feature",
      "id": "way/1091906444",
      "properties": {
        "building": "yes",
        "osm_id": "way/1091906444"
      },
      "geometry": {
        "type": "Polygon",
        "coordinates": [
          [
            [
              16.2728494,
              48.176377
            ],
            [
              16.2728488,
              48.1763584
            ],
            [
              16.2728326,
              48.1763587
            ],
            [
              16.2728333,
              48.1763772
            ],
            [
              16.2728494,
              48.176377
            ]
          ]
        ]
      }
    },
    {
      "type": "Feature",
      "id": "way/1091906445",
      "properties": {
        "building": "yes",
        "osm_id": "way/1091906445"
      },
      "geometry": {
        "type": "Polygon",
        "coordinates": [
          [
            [
              16.2728112,
              48.1765735
            ],
            [
              16.2728313,
              48.1765373
            ],
            [
              16.2727998,
              48.1765295
            ],
            [
              16.2727796,
              48.1765657
            ],
            [
              16.2728112,
              48.1765735
            ]
          ]
        ]
      }
    },
    {
      "type": "Feature",
      "id": "way/1166319270",
      "properties": {
        "building": "yes",
        "osm_id": "way/1166319270"
      },
      "geometry": {
        "type": "Polygon",
        "coordinates": [
          [
            [
              16.272509,
              48.1806638
            ],
            [
              16.2725498,
              48.1806544
            ],
            [
              16.2726048,
              48.1807601
            ],
            [
              16.2725405,
              48.180775
            ],
            [
              16.27252,
              48.1807356
            ],
            [
              16.2725435,
              48.1807302
            ],
            [
              16.272509,
              48.1806638
            ]
          ]
        ]
      }
    },
    {
      "type": "Feature",
      "id": "way/1166756080",
      "properties": {
        "building": "yes",
        "osm_id": "way/1166756080"
      },
      "geometry": {
        "type": "Polygon",
        "coordinates": [
          [
            [
              16.2725159,
              48.1774306
            ],
            [
              16.2726002,
              48.1774251
            ],
            [
              16.272581,
              48.1772956
            ],
            [
              16.2724966,
              48.1773012
            ],
            [
              16.2725127,
              48.1774091
            ],
            [
              16.2725159,
              48.1774306
            ]
          ]
        ]
      }
    },
    {
      "type": "Feature",
      "id": "way/1166760350",
      "properties": {
        "building": "detached",
        "osm_id": "way/1166760350"
      },
      "geometry": {
        "type": "Polygon",
        "coordinates": [
          [
            [
              16.2713944,
              48.1764835
            ],
            [
              16.2713874,
              48.176553
            ],
            [
              16.2715887,
              48.176562
            ],
            [
              16.2715936,
              48.1765125
            ],
            [
              16.2715615,
              48.1765111
            ],
            [
              16.2715635,
              48.176491
            ],
            [
              16.2713944,
              48.1764835
            ]
          ]
        ]
      }
    },
    {
      "type": "Feature",
      "id": "way/1167136077",
      "properties": {
        "building": "yes",
        "osm_id": "way/1167136077"
      },
      "geometry": {
        "type": "Polygon",
        "coordinates": [
          [
            [
              16.2739283,
              48.1767463
            ],
            [
              16.2739294,
              48.1767706
            ],
            [
              16.2738877,
              48.1767714
            ],
            [
              16.2738866,
              48.1767471
            ],
            [
              16.2739283,
              48.1767463
            ]
          ]
        ]
      }
    },
    {
      "type": "Feature",
      "id": "way/1167136078",
      "properties": {
        "building": "shed",
        "osm_id": "way/1167136078"
      },
      "geometry": {
        "type": "Polygon",
        "coordinates": [
          [
            [
              16.2736553,
              48.176844
            ],
            [
              16.2736563,
              48.1768684
            ],
            [
              16.2736146,
              48.1768692
            ],
            [
              16.2736136,
              48.1768448
            ],
            [
              16.2736553,
              48.176844
            ]
          ]
        ]
      }
    },
    {
      "type": "Feature",
      "id": "way/1167136080",
      "properties": {
        "building": "yes",
        "osm_id": "way/1167136080"
      },
      "geometry": {
        "type": "Polygon",
        "coordinates": [
          [
            [
              16.2737722,
              48.1766851
            ],
            [
              16.27377,
              48.1767248
            ],
            [
              16.273716,
              48.1767235
            ],
            [
              16.2737182,
              48.1766837
            ],
            [
              16.2737722,
              48.1766851
            ]
          ]
        ]
      }
    },
    {
      "type": "Feature",
      "id": "way/1167136987",
      "properties": {
        "building": "yes",
        "osm_id": "way/1167136987"
      },
      "geometry": {
        "type": "Polygon",
        "coordinates": [
          [
            [
              16.274593,
              48.1766724
            ],
            [
              16.2745507,
              48.1766693
            ],
            [
              16.2745462,
              48.1766976
            ],
            [
              16.2745885,
              48.1767006
            ],
            [
              16.274593,
              48.1766724
            ]
          ]
        ]
      }
    },
    {
      "type": "Feature",
      "id": "way/1167136988",
      "properties": {
        "building": "yes",
        "osm_id": "way/1167136988"
      },
      "geometry": {
        "type": "Polygon",
        "coordinates": [
          [
            [
              16.2744848,
              48.1766631
            ],
            [
              16.2744798,
              48.1766892
            ],
            [
              16.2745414,
              48.1766945
            ],
            [
              16.2745464,
              48.1766683
            ],
            [
              16.2744848,
              48.1766631
            ]
          ]
        ]
      }
    },
    {
      "type": "Feature",
      "id": "way/1167136989",
      "properties": {
        "building": "yes",
        "osm_id": "way/1167136989"
      },
      "geometry": {
        "type": "Polygon",
        "coordinates": [
          [
            [
              16.2746898,
              48.176645
            ],
            [
              16.2746858,
              48.1766673
            ],
            [
              16.2746405,
              48.1766637
            ],
            [
              16.2746444,
              48.1766414
            ],
            [
              16.2746898,
              48.176645
            ]
          ]
        ]
      }
    },
    {
      "type": "Feature",
      "id": "way/1167136990",
      "properties": {
        "building": "yes",
        "osm_id": "way/1167136990"
      },
      "geometry": {
        "type": "Polygon",
        "coordinates": [
          [
            [
              16.2748739,
              48.1766407
            ],
            [
              16.2748314,
              48.1766404
            ],
            [
              16.274831,
              48.1766688
            ],
            [
              16.2748736,
              48.1766691
            ],
            [
              16.2748739,
              48.1766407
            ]
          ]
        ]
      }
    },
    {
      "type": "Feature",
      "id": "way/1167136991",
      "properties": {
        "building": "yes",
        "osm_id": "way/1167136991"
      },
      "geometry": {
        "type": "Polygon",
        "coordinates": [
          [
            [
              16.2744772,
              48.1766668
            ],
            [
              16.274473,
              48.176691
            ],
            [
              16.2744316,
              48.1766879
            ],
            [
              16.2744357,
              48.1766637
            ],
            [
              16.2744772,
              48.1766668
            ]
          ]
        ]
      }
    },
    {
      "type": "Feature",
      "id": "way/1167136992",
      "properties": {
        "building": "yes",
        "osm_id": "way/1167136992"
      },
      "geometry": {
        "type": "Polygon",
        "coordinates": [
          [
            [
              16.274794,
              48.1766764
            ],
            [
              16.2747515,
              48.1766761
            ],
            [
              16.2747511,
              48.1767045
            ],
            [
              16.2747936,
              48.1767048
            ],
            [
              16.274794,
              48.1766764
            ]
          ]
        ]
      }
    },
    {
      "type": "Feature",
      "id": "way/1167136993",
      "properties": {
        "building": "yes",
        "osm_id": "way/1167136993"
      },
      "geometry": {
        "type": "Polygon",
        "coordinates": [
          [
            [
              16.2747359,
              48.176638
            ],
            [
              16.274731,
              48.1766591
            ],
            [
              16.2747587,
              48.176662
            ],
            [
              16.2747636,
              48.1766409
            ],
            [
              16.2747359,
              48.176638
            ]
          ]
        ]
      }
    },
    {
      "type": "Feature",
      "id": "way/1167136994",
      "properties": {
        "building": "yes",
        "osm_id": "way/1167136994"
      },
      "geometry": {
        "type": "Polygon",
        "coordinates": [
          [
            [
              16.2745638,
              48.1766327
            ],
            [
              16.2745572,
              48.1766636
            ],
            [
              16.2746276,
              48.1766703
            ],
            [
              16.2746343,
              48.1766395
            ],
            [
              16.2745638,
              48.1766327
            ]
          ]
        ]
      }
    },
    {
      "type": "Feature",
      "id": "way/1167137170",
      "properties": {
        "building": "shed",
        "osm_id": "way/1167137170"
      },
      "geometry": {
        "type": "Polygon",
        "coordinates": [
          [
            [
              16.2752148,
              48.1766002
            ],
            [
              16.2752155,
              48.1766215
            ],
            [
              16.2752435,
              48.1766211
            ],
            [
              16.2752428,
              48.1765998
            ],
            [
              16.2752148,
              48.1766002
            ]
          ]
        ]
      }
    },
    {
      "type": "Feature",
      "id": "way/1167137171",
      "properties": {
        "building": "shed",
        "osm_id": "way/1167137171"
      },
      "geometry": {
        "type": "Polygon",
        "coordinates": [
          [
            [
              16.2752561,
              48.1766373
            ],
            [
              16.2752572,
              48.1766597
            ],
            [
              16.2752116,
              48.1766607
            ],
            [
              16.2752105,
              48.1766383
            ],
            [
              16.2752561,
              48.1766373
            ]
          ]
        ]
      }
    },
    {
      "type": "Feature",
      "id": "way/1167137172",
      "properties": {
        "building": "yes",
        "osm_id": "way/1167137172"
      },
      "geometry": {
        "type": "Polygon",
        "coordinates": [
          [
            [
              16.2752196,
              48.1764741
            ],
            [
              16.2752249,
              48.1765354
            ],
            [
              16.2753354,
              48.1765311
            ],
            [
              16.2753301,
              48.1764698
            ],
            [
              16.2752196,
              48.1764741
            ]
          ]
        ]
      }
    },
    {
      "type": "Feature",
      "id": "way/1167174749",
      "properties": {
        "building": "yes",
        "osm_id": "way/1167174749"
      },
      "geometry": {
        "type": "Polygon",
        "coordinates": [
          [
            [
              16.2699324,
              48.1797975
            ],
            [
              16.2699599,
              48.1797917
            ],
            [
              16.2699409,
              48.1797511
            ],
            [
              16.2699133,
              48.1797569
            ],
            [
              16.2699324,
              48.1797975
            ]
          ]
        ]
      }
    },
    {
      "type": "Feature",
      "id": "way/1167185802",
      "properties": {
        "addr:housenumber": "8",
        "addr:street": "Wilhelm-Leibl-Gasse",
        "building": "detached",
        "osm_id": "way/1167185802"
      },
      "geometry": {
        "type": "Polygon",
        "coordinates": [
          [
            [
              16.2768967,
              48.1767163
            ],
            [
              16.2771062,
              48.1766977
            ],
            [
              16.2770763,
              48.1765486
            ],
            [
              16.2769355,
              48.1765612
            ],
            [
              16.276943,
              48.1765986
            ],
            [
              16.2768744,
              48.1766047
            ],
            [
              16.2768967,
              48.1767163
            ]
          ]
        ]
      }
    },
    {
      "type": "Feature",
      "id": "way/1354765515",
      "properties": {
        "building": "roof",
        "osm_id": "way/1354765515"
      },
      "geometry": {
        "type": "Polygon",
        "coordinates": [
          [
            [
              16.268955,
              48.1776845
            ],
            [
              16.2689308,
              48.1776893
            ],
            [
              16.2688657,
              48.1777118
            ],
            [
              16.2688788,
              48.1777518
            ],
            [
              16.268963,
              48.1777611
            ],
            [
              16.2689882,
              48.1777561
            ],
            [
              16.268955,
              48.1776845
            ]
          ]
        ]
      }
    },
    {
      "type": "Feature",
      "id": "way/1354906177",
      "properties": {
        "addr:city": "Wien",
        "addr:country": "AT",
        "addr:housenumber": "48",
        "addr:postcode": "1130",
        "addr:street": "Jagdschloßgasse",
        "at_bev:addr_date": "2017-10-01",
        "building": "apartments",
        "osm_id": "way/1354906177"
      },
      "geometry": {
        "type": "Polygon",
        "coordinates": [
          [
            [
              16.2706143,
              48.1783116
            ],
            [
              16.2709171,
              48.178336
            ],
            [
              16.2709373,
              48.1782246
            ],
            [
              16.2706344,
              48.1782003
            ],
            [
              16.2706223,
              48.1782672
            ],
            [
              16.2706143,
              48.1783116
            ]
          ]
        ]
      }
    },
    {
      "type": "Feature",
      "id": "way/1354906180",
      "properties": {
        "addr:city": "Wien",
        "addr:country": "AT",
        "addr:housenumber": "40",
        "addr:postcode": "1130",
        "addr:street": "Jagdschloßgasse",
        "addr:unit": "3",
        "building": "apartments",
        "osm_id": "way/1354906180"
      },
      "geometry": {
        "type": "Polygon",
        "coordinates": [
          [
            [
              16.2722732,
              48.1786191
            ],
            [
              16.2723418,
              48.1786125
            ],
            [
              16.2723465,
              48.1786071
            ],
            [
              16.272372,
              48.1786052
            ],
            [
              16.2723788,
              48.1786091
            ],
            [
              16.2724415,
              48.1786033
            ],
            [
              16.2724509,
              48.1785941
            ],
            [
              16.2724446,
              48.178564
            ],
            [
              16.2724334,
              48.1785651
            ],
            [
              16.2724296,
              48.1785505
            ],
            [
              16.2724396,
              48.1785422
            ],
            [
              16.2724329,
              48.1785044
            ],
            [
              16.2724204,
              48.1785054
            ],
            [
              16.2724132,
              48.1784706
            ],
            [
              16.2723501,
              48.1784761
            ],
            [
              16.2723447,
              48.1784816
            ],
            [
              16.2723178,
              48.1784838
            ],
            [
              16.2723106,
              48.17848
            ],
            [
              16.2722462,
              48.1784862
            ],
            [
              16.2722342,
              48.1784957
            ],
            [
              16.2722404,
              48.1785229
            ],
            [
              16.2722524,
              48.1785218
            ],
            [
              16.2722564,
              48.1785388
            ],
            [
              16.2722453,
              48.1785473
            ],
            [
              16.2722534,
              48.1785846
            ],
            [
              16.2722663,
              48.1785833
            ],
            [
              16.2722732,
              48.1786191
            ]
          ]
        ]
      }
    },
    {
      "type": "Feature",
      "id": "way/1354924246",
      "properties": {
        "building": "yes",
        "osm_id": "way/1354924246"
      },
      "geometry": {
        "type": "Polygon",
        "coordinates": [
          [
            [
              16.2748206,
              48.1793997
            ],
            [
              16.2748417,
              48.1794673
            ],
            [
              16.2747503,
              48.1794795
            ],
            [
              16.2747293,
              48.1794121
            ],
            [
              16.2747373,
              48.179411
            ],
            [
              16.2748206,
              48.1793997
            ]
          ]
        ]
      }
    },
    {
      "type": "Feature",
      "id": "way/1354924251",
      "properties": {
        "building": "yes",
        "osm_id": "way/1354924251"
      },
      "geometry": {
        "type": "Polygon",
        "coordinates": [
          [
            [
              16.2745802,
              48.1790313
            ],
            [
              16.2745613,
              48.1789647
            ],
            [
              16.2746792,
              48.1789498
            ],
            [
              16.2746982,
              48.1790164
            ],
            [
              16.274686,
              48.1790179
            ],
            [
              16.2745802,
              48.1790313
            ]
          ]
        ]
      }
    },
    {
      "type": "Feature",
      "id": "way/1354924254",
      "properties": {
        "addr:city": "Wien",
        "addr:country": "AT",
        "addr:housenumber": "29",
        "addr:postcode": "1130",
        "addr:street": "Gobergasse",
        "addr:unit": "2",
        "building": "yes",
        "source": "wien.at",
        "osm_id": "way/1354924254"
      },
      "geometry": {
        "type": "Polygon",
        "coordinates": [
          [
            [
              16.274903,
              48.1781884
            ],
            [
              16.2749286,
              48.1782742
            ],
            [
              16.275003,
              48.1782644
            ],
            [
              16.2749963,
              48.178242
            ],
            [
              16.2750281,
              48.1782378
            ],
            [
              16.2750239,
              48.1782234
            ],
            [
              16.2750577,
              48.1782189
            ],
            [
              16.2750431,
              48.1781699
            ],
            [
              16.2750089,
              48.1781744
            ],
            [
              16.274903,
              48.1781884
            ]
          ]
        ]
      }
    },
    {
      "type": "Feature",
      "id": "way/1354924258",
      "properties": {
        "addr:city": "Wien",
        "addr:country": "AT",
        "addr:housenumber": "27",
        "addr:postcode": "1130",
        "addr:street": "In der Hagenau",
        "at_bev:addr_date": "2017-10-01",
        "building": "yes",
        "source": "wien.at",
        "osm_id": "way/1354924258"
      },
      "geometry": {
        "type": "Polygon",
        "coordinates": [
          [
            [
              16.2711133,
              48.1799508
            ],
            [
              16.2711173,
              48.1799666
            ],
            [
              16.2711036,
              48.1799681
            ],
            [
              16.2711136,
              48.1800079
            ],
            [
              16.271266,
              48.179991
            ],
            [
              16.2712521,
              48.1799354
            ],
            [
              16.2711133,
              48.1799508
            ]
          ]
        ]
      }
    },
    {
      "type": "Feature",
      "id": "way/1359151188",
      "properties": {
        "addr:city": "Wien",
        "addr:country": "AT",
        "addr:housenumber": "76",
        "addr:postcode": "1130",
        "addr:street": "Jagdschloßgasse",
        "building": "semidetached_house",
        "building:levels": "2",
        "roof:levels": "0",
        "source": "wien.at",
        "wikidata": "Q61982543",
        "osm_id": "way/1359151188"
      },
      "geometry": {
        "type": "Polygon",
        "coordinates": [
          [
            [
              16.2687612,
              48.1795804
            ],
            [
              16.2688067,
              48.1795334
            ],
            [
              16.2687227,
              48.1794972
            ],
            [
              16.2686771,
              48.1795442
            ],
            [
              16.2687612,
              48.1795804
            ]
          ]
        ]
      }
    },
    {
      "type": "Feature",
      "id": "way/1359151189",
      "properties": {
        "addr:city": "Wien",
        "addr:country": "AT",
        "addr:housenumber": "78",
        "addr:postcode": "1130",
        "addr:street": "Jagdschloßgasse",
        "building": "semidetached_house",
        "building:levels": "2",
        "roof:levels": "0",
        "source": "wien.at",
        "wikidata": "Q61982543",
        "osm_id": "way/1359151189"
      },
      "geometry": {
        "type": "Polygon",
        "coordinates": [
          [
            [
              16.2687157,
              48.1796274
            ],
            [
              16.2687612,
              48.1795804
            ],
            [
              16.2686771,
              48.1795442
            ],
            [
              16.2686316,
              48.1795912
            ],
            [
              16.2687157,
              48.1796274
            ]
          ]
        ]
      }
    },
    {
      "type": "Feature",
      "id": "way/1359151190",
      "properties": {
        "addr:city": "Wien",
        "addr:country": "AT",
        "addr:housenumber": "74",
        "addr:postcode": "1130",
        "addr:street": "Jagdschloßgasse",
        "building": "semidetached_house",
        "building:levels": "2",
        "roof:levels": "0",
        "source": "wien.at",
        "wikidata": "Q61995191",
        "osm_id": "way/1359151190"
      },
      "geometry": {
        "type": "Polygon",
        "coordinates": [
          [
            [
              16.2688094,
              48.1794056
            ],
            [
              16.2687635,
              48.1794525
            ],
            [
              16.2688463,
              48.1794884
            ],
            [
              16.2688921,
              48.1794414
            ],
            [
              16.2688094,
              48.1794056
            ]
          ]
        ]
      }
    },
    {
      "type": "Feature",
      "id": "way/1359151191",
      "properties": {
        "addr:city": "Wien",
        "addr:country": "AT",
        "addr:housenumber": "72",
        "addr:postcode": "1130",
        "addr:street": "Jagdschloßgasse",
        "building": "semidetached_house",
        "building:levels": "2",
        "roof:levels": "0",
        "source": "wien.at",
        "wikidata": "Q61995191",
        "osm_id": "way/1359151191"
      },
      "geometry": {
        "type": "Polygon",
        "coordinates": [
          [
            [
              16.2688552,
              48.1793586
            ],
            [
              16.2688094,
              48.1794056
            ],
            [
              16.2688921,
              48.1794414
            ],
            [
              16.2689379,
              48.1793945
            ],
            [
              16.2688552,
              48.1793586
            ]
          ]
        ]
      }
    },
    {
      "type": "Feature",
      "id": "way/1359151192",
      "properties": {
        "addr:city": "Wien",
        "addr:country": "AT",
        "addr:housenumber": "68",
        "addr:postcode": "1130",
        "addr:street": "Jagdschloßgasse",
        "building": "semidetached_house",
        "building:levels": "2",
        "roof:levels": "0",
        "source": "wien.at",
        "wikidata": "Q61995236",
        "osm_id": "way/1359151192"
      },
      "geometry": {
        "type": "Polygon",
        "coordinates": [
          [
            [
              16.2690267,
              48.1792846
            ],
            [
              16.269039,
              48.1792713
            ],
            [
              16.2690489,
              48.1792754
            ],
            [
              16.269091,
              48.1792299
            ],
            [
              16.269025,
              48.1792028
            ],
            [
              16.268998,
              48.1792319
            ],
            [
              16.2689894,
              48.1792283
            ],
            [
              16.2689619,
              48.179258
            ],
            [
              16.2689697,
              48.1792612
            ],
            [
              16.2690267,
              48.1792846
            ]
          ]
        ]
      }
    },
    {
      "type": "Feature",
      "id": "way/1359155164",
      "properties": {
        "addr:city": "Wien",
        "addr:country": "AT",
        "addr:housenumber": "66A",
        "addr:postcode": "1130",
        "addr:street": "Veitingergasse",
        "at_bev:addr_date": "2017-10-01",
        "building": "yes",
        "osm_id": "way/1359155164"
      },
      "geometry": {
        "type": "Polygon",
        "coordinates": [
          [
            [
              16.2701482,
              48.1804479
            ],
            [
              16.2699403,
              48.1804806
            ],
            [
              16.2699696,
              48.1805632
            ],
            [
              16.2701974,
              48.1805273
            ],
            [
              16.2701845,
              48.1804907
            ],
            [
              16.2701682,
              48.1804447
            ],
            [
              16.2701482,
              48.1804479
            ]
          ]
        ]
      }
    },
    {
      "type": "Feature",
      "id": "way/1359155165",
      "properties": {
        "addr:city": "Wien",
        "addr:housenumber": "64D",
        "addr:postcode": "1130",
        "addr:street": "Veitingergasse",
        "building": "yes",
        "osm_id": "way/1359155165"
      },
      "geometry": {
        "type": "Polygon",
        "coordinates": [
          [
            [
              16.2706162,
              48.1804319
            ],
            [
              16.2707487,
              48.1804106
            ],
            [
              16.2707221,
              48.180337
            ],
            [
              16.2705896,
              48.1803583
            ],
            [
              16.2706162,
              48.1804319
            ]
          ]
        ]
      }
    },
    {
      "type": "Feature",
      "id": "way/1359626964",
      "properties": {
        "addr:city": "Wien",
        "addr:country": "AT",
        "addr:housenumber": "11",
        "addr:postcode": "1130",
        "addr:street": "Ratmannsdorfgasse",
        "at_bev:addr_date": "2017-10-01",
        "building": "garage",
        "osm_id": "way/1359626964"
      },
      "geometry": {
        "type": "Polygon",
        "coordinates": [
          [
            [
              16.2757375,
              48.1781199
            ],
            [
              16.2758309,
              48.1781134
            ],
            [
              16.2758403,
              48.1781779
            ],
            [
              16.2757482,
              48.1781846
            ],
            [
              16.2757375,
              48.1781199
            ]
          ]
        ]
      }
    },
    {
      "type": "Feature",
      "id": "way/1359626965",
      "properties": {
        "addr:city": "Wien",
        "addr:country": "AT",
        "addr:housenumber": "41",
        "addr:postcode": "1130",
        "addr:street": "Jagdschloßgasse",
        "building": "residential",
        "osm_id": "way/1359626965"
      },
      "geometry": {
        "type": "Polygon",
        "coordinates": [
          [
            [
              16.27535,
              48.1771665
            ],
            [
              16.27548,
              48.1771577
            ],
            [
              16.275487,
              48.1772037
            ],
            [
              16.2755762,
              48.1771976
            ],
            [
              16.2755722,
              48.1771711
            ],
            [
              16.2755886,
              48.17717
            ],
            [
              16.2755861,
              48.1771536
            ],
            [
              16.2756724,
              48.1771478
            ],
            [
              16.2756748,
              48.1771635
            ],
            [
              16.2756934,
              48.1771622
            ],
            [
              16.2757025,
              48.1772222
            ],
            [
              16.2757109,
              48.177277
            ],
            [
              16.2756271,
              48.1772827
            ],
            [
              16.275512,
              48.1772905
            ],
            [
              16.2754846,
              48.1772924
            ],
            [
              16.2753724,
              48.1773
            ],
            [
              16.2753641,
              48.1772455
            ],
            [
              16.2753892,
              48.1772438
            ],
            [
              16.2753863,
              48.1772242
            ],
            [
              16.2753841,
              48.1772099
            ],
            [
              16.2753569,
              48.1772117
            ],
            [
              16.27535,
              48.1771665
            ]
          ]
        ]
      }
    },
    {
      "type": "Feature",
      "id": "way/1359626967",
      "properties": {
        "addr:city": "Wien",
        "addr:country": "AT",
        "addr:housenumber": "26A",
        "addr:postcode": "1130",
        "addr:street": "Jagdschloßgasse",
        "addr:unit": "1",
        "building": "house",
        "osm_id": "way/1359626967"
      },
      "geometry": {
        "type": "Polygon",
        "coordinates": [
          [
            [
              16.2748669,
              48.1779585
            ],
            [
              16.2748713,
              48.177978
            ],
            [
              16.2748066,
              48.1779845
            ],
            [
              16.2747976,
              48.1779452
            ],
            [
              16.2747839,
              48.1779466
            ],
            [
              16.2747799,
              48.1779289
            ],
            [
              16.2747903,
              48.1779279
            ],
            [
              16.274769,
              48.1778351
            ],
            [
              16.2748371,
              48.1778282
            ],
            [
              16.2748669,
              48.1779585
            ]
          ]
        ]
      }
    },
    {
      "type": "Feature",
      "id": "way/1359626968",
      "properties": {
        "addr:city": "Wien",
        "addr:country": "AT",
        "addr:housenumber": "26A",
        "addr:postcode": "1130",
        "addr:street": "Jagdschloßgasse",
        "addr:unit": "3",
        "building": "house",
        "osm_id": "way/1359626968"
      },
      "geometry": {
        "type": "Polygon",
        "coordinates": [
          [
            [
              16.2749017,
              48.1778401
            ],
            [
              16.2749651,
              48.1778336
            ],
            [
              16.274986,
              48.1779249
            ],
            [
              16.2749948,
              48.1779633
            ],
            [
              16.2749313,
              48.1779697
            ],
            [
              16.2749298,
              48.1779632
            ],
            [
              16.2749017,
              48.1778401
            ]
          ]
        ]
      }
    },
    {
      "type": "Feature",
      "id": "way/1359626969",
      "properties": {
        "addr:city": "Wien",
        "addr:country": "AT",
        "addr:housenumber": "26A",
        "addr:postcode": "1130",
        "addr:street": "Jagdschloßgasse",
        "addr:unit": "4",
        "building": "house",
        "osm_id": "way/1359626969"
      },
      "geometry": {
        "type": "Polygon",
        "coordinates": [
          [
            [
              16.2749651,
              48.1778336
            ],
            [
              16.2749539,
              48.1777843
            ],
            [
              16.2749871,
              48.1777809
            ],
            [
              16.2749897,
              48.1777925
            ],
            [
              16.2750191,
              48.1777895
            ],
            [
              16.2750204,
              48.1777949
            ],
            [
              16.2750486,
              48.1779185
            ],
            [
              16.274986,
              48.1779249
            ],
            [
              16.2749651,
              48.1778336
            ]
          ]
        ]
      }
    },
    {
      "type": "Feature",
      "id": "way/1359626970",
      "properties": {
        "addr:city": "Wien",
        "addr:country": "AT",
        "addr:housenumber": "26A",
        "addr:postcode": "1130",
        "addr:street": "Jagdschloßgasse",
        "addr:unit": "5",
        "building": "house",
        "osm_id": "way/1359626970"
      },
      "geometry": {
        "type": "Polygon",
        "coordinates": [
          [
            [
              16.2750204,
              48.1777949
            ],
            [
              16.2750558,
              48.1777913
            ],
            [
              16.2750586,
              48.1778034
            ],
            [
              16.2750852,
              48.1778007
            ],
            [
              16.2750872,
              48.1778097
            ],
            [
              16.275118,
              48.1779446
            ],
            [
              16.2750625,
              48.1779503
            ],
            [
              16.2750592,
              48.1779361
            ],
            [
              16.2750528,
              48.1779367
            ],
            [
              16.2750486,
              48.1779185
            ],
            [
              16.2750204,
              48.1777949
            ]
          ]
        ]
      }
    },
    {
      "type": "Feature",
      "id": "way/1359626971",
      "properties": {
        "addr:city": "Wien",
        "addr:country": "AT",
        "addr:housenumber": "26A",
        "addr:postcode": "1130",
        "addr:street": "Jagdschloßgasse",
        "addr:unit": "6",
        "building": "house",
        "osm_id": "way/1359626971"
      },
      "geometry": {
        "type": "Polygon",
        "coordinates": [
          [
            [
              16.2750872,
              48.1778097
            ],
            [
              16.2751167,
              48.1778067
            ],
            [
              16.2751185,
              48.1778145
            ],
            [
              16.275152,
              48.1778111
            ],
            [
              16.2751545,
              48.1778218
            ],
            [
              16.2751818,
              48.1779415
            ],
            [
              16.2751188,
              48.1779479
            ],
            [
              16.275118,
              48.1779446
            ],
            [
              16.2750872,
              48.1778097
            ]
          ]
        ]
      }
    },
    {
      "type": "Feature",
      "id": "way/1359626972",
      "properties": {
        "addr:city": "Wien",
        "addr:country": "AT",
        "addr:housenumber": "26A",
        "addr:postcode": "1130",
        "addr:street": "Jagdschloßgasse",
        "addr:unit": "7",
        "building": "house",
        "osm_id": "way/1359626972"
      },
      "geometry": {
        "type": "Polygon",
        "coordinates": [
          [
            [
              16.2751545,
              48.1778218
            ],
            [
              16.2751797,
              48.1778192
            ],
            [
              16.2751812,
              48.1778258
            ],
            [
              16.2752249,
              48.1778213
            ],
            [
              16.2752543,
              48.17795
            ],
            [
              16.2751854,
              48.177957
            ],
            [
              16.2751818,
              48.1779415
            ],
            [
              16.2751545,
              48.1778218
            ]
          ]
        ]
      }
    },
    {
      "type": "Feature",
      "id": "way/1359626973",
      "properties": {
        "addr:city": "Wien",
        "addr:country": "AT",
        "addr:housenumber": "26A",
        "addr:postcode": "1130",
        "addr:street": "Jagdschloßgasse",
        "addr:unit": "2",
        "building": "house",
        "osm_id": "way/1359626973"
      },
      "geometry": {
        "type": "Polygon",
        "coordinates": [
          [
            [
              16.2748371,
              48.1778282
            ],
            [
              16.2748625,
              48.1778256
            ],
            [
              16.2748598,
              48.1778139
            ],
            [
              16.2748948,
              48.1778103
            ],
            [
              16.2749017,
              48.1778401
            ],
            [
              16.2749298,
              48.1779632
            ],
            [
              16.2749006,
              48.1779662
            ],
            [
              16.2748982,
              48.1779553
            ],
            [
              16.2748669,
              48.1779585
            ],
            [
              16.2748371,
              48.1778282
            ]
          ]
        ]
      }
    }
  ]
}